Nom Modele Feuille;Code magasin;Nom magasin;Code article;Désignation;Famille;Sous-Famille;Quantite;Reference fournisseur;QuantiteTerrain
EPS PARIS;203;EPS PARIS1;200157;Entretien capteur VMC;CAPTEURS;;0;;0
EPS PARIS;203;EPS PARIS1;200158;Télérelève capteur VMC;CAPTEURS;;0;;0
EPS PARIS;203;EPS PARIS1;800012;Télérelève sonde de température;;;0;;0
EPS PARIS;203;EPS PARIS1;A10000;ARMATURE POUR CE DIRECT LORENZ;PLOMBERIE;VZ;0;VZAET1503001MONT;0
EPS PARIS;203;EPS PARIS1;A10001;EMETTEUR IZAR PULSE H 3 FILS (1,5 M);RADIO;EM-IMP-CE;0;800539;0
EPS PARIS;203;EPS PARIS1;A10013;ROBINET ARRET INVIOLABLE DROIT/EQUERRE ADG;PLOMBERIE;ROB INVIOL;0;9 références fournisseur;0
EPS PARIS;203;EPS PARIS1;A10037;MANOMETRE MALE 2212 B VERTICAL 6 BARS;MESUREUR;MANOMETRE;0;2 références fournisseur;0
EPS PARIS;203;EPS PARIS1;A10039;EMETTEUR CYBLE PULSER 2F K=1 x10;RADIO;EM-IMP-CE;0;T3CIB2K0001X10;0
EPS PARIS;205;EPS PARIS2;A10041;CLAPET ANTI-RETOUR METAL POUR AQUARIUS DN15;PROTECTION;CLA-INCORP;0;870650;0
EPS PARIS;205;EPS PARIS2;A10086;ROBINET REGLAGE RADIATEUR DT / EQUERRE;PLOMBERIE;ROB RADIAT;0;24 références fournisseur;0
EPS PARIS;205;EPS PARIS2;A10088;ROBINET ARRET INVIO DT/EQ HUOT/ST LIZ;PLOMBERIE;ROB INVIOL;0;2 références fournisseur;0
EPS PARIS;205;EPS PARIS2;A10103;Manomètre 1/4 pour réducteur EASYBAR;MESUREUR;MANOMETRE;0;2 références fournisseur;0
EPS PARIS;205;EPS PARIS2;A10108;"ALLONGE 3/4""x 40MM AVEC TROMPETTE POUR  CE LORENZ";PLOMBERIE;VZ;0;AS7540CRKOMPL;0
EPS PARIS;205;EPS PARIS2;A10111;"ALLONGE 1/2""x 100MM AVEC TROMPETTE POUR CE LORENZ";PLOMBERIE;VZ;0;AS50100CRKOMPL;0
EPS PARIS;205;EPS PARIS2;A10112;"ALLONGE 1/2""x 40MM AVEC TROMPETTE POUR CE LORENZ";PLOMBERIE;VZ;0;AS5040CRKOMPL;0
EPS PARIS;205;EPS PARIS2;A10113;"ALLONGE 3/4""x 100MM AVEC TROMPETTE POUR  CE LORENZ";PLOMBERIE;VZ;0;AS75100CRKOMPL;0
EPS PARIS;205;EPS PARIS2;A10126;EMETTEUR IZAR PULSE I 3 FILS (1,5 M);RADIO;EM-IMP-CE;0;3025144;0
EPS PARIS;205;EPS PARIS2;A10129;EMETTEUR CYBLE PULSER - 2 FILS - K=1000;RADIO;EM-IMP-CE;0;T3CIB2K1000;0
EPS PARIS;205;EPS PARIS2;A10138;EMETTEUR CYBLE PULSER 5F K = 1;RADIO;EM-IMP-CE;0;T3CIB5K0001E;0
EPS PARIS;205;EPS PARIS2;A10151;EMETTEUR CYBLE PULSER 2F K = 1;RADIO;EM-IMP-CE;0;T3CIB2K0001;0
EPS PARIS;205;EPS PARIS2;A10153;EMETTEUR CYBLE PULSER - 5 FILS - K=10;RADIO;EM-IMP-CE;0;T3CIB5K0010E;0
EPS PARIS;205;EPS PARIS2;A10161;STABILISATEUR D'ECOULEMENT  S3D DN100 PN10/16;CET;STABILISAT;0;STA100;0
EPS PARIS;205;EPS PARIS2;A10170;EMETTEUR IZAR PULSE I 4 FILS (5M);RADIO;EM-IMP-CE;0;3022424;0
EPS PARIS;205;EPS PARIS2;A10171;EMETTEUR IZAR PULSE I 4 FILS (5M) 3 SORTIES;RADIO;EM-IMP-CE;0;3080042;0
EPS PARIS;205;EPS PARIS2;A10173;EMETTEUR D'IMPULSION REED SWITCH;RADIO;EM-IMP-CE;0;209C083A;0
EPS PARIS;205;EPS PARIS2;A10175;EMETTEUR IZAR PULSE I 4 FILS (5M) DRY CONTACT 1L;RADIO;EM-IMP-CE;0;3033307;0
EPS PARIS;205;EPS PARIS2;A10176;EMETTEUR IZAR PULSE I 4 FILS (5M) DRY CONTACT 10L;RADIO;EM-IMP-CE;0;3033307;0
EPS PARIS;205;EPS PARIS2;A10177;EMETTEUR CYBLE PULSER 2F K = 10;RADIO;EM-IMP-CE;0;T3CIB2K0010;0
EPS PARIS;205;EPS PARIS2;A10186;EMETTEUR CYBLE PULSER 2F K = 100;RADIO;EM-IMP-CE;0;T3CIB2K0100;0
EPS PARIS;205;EPS PARIS2;A10195;EMETTEUR IZAR PULSE H 4 FILS  (5 M);RADIO;EM-IMP-CE;0;801060;0
EPS PARIS;205;EPS PARIS2;A10197;EMETTEUR CYBLE PULSER 2F K = 2,5;RADIO;EM-IMP-CE;0;T3CIB2K0002;0
EPS PARIS;205;EPS PARIS2;A10199;DEBIMETRE 777;MESUREUR;DEBIMETRE;0;2 références fournisseur;0
EPS PARIS;205;EPS PARIS2;A10216;REED 570 POUR WP-MFD-WS-MFD;RADIO;EM-IMP-CE;0;630061;0
EPS PARIS;205;EPS PARIS2;A10243;MANOMETRE STD RACCORD VERTICLA DIA 63 10B 8X13;MESUREUR;MANOMETRE;0;231383;0
EPS PARIS;206;EPS PARIS3;A10245;CLAPET AR DN20 PLATIQUE POUR ALTAIR;PROTECTION;CLA-ANTIP;0;870681;0
EPS PARIS;206;EPS PARIS3;A10246;CLAPET AR DN32 LAITON POUR ALTAIR;PROTECTION;CLA-ANTIP;0;870677;0
EPS PARIS;206;EPS PARIS3;A10268;EMETTEUR IMPULSION HRI PR CE SENSUS DN100;RADIO;EM-IMP-CE;0;MODULMEK;0
EPS PARIS;206;EPS PARIS3;A10271;REMPLACEMENT CONNECTION KIT FOR Q WATER 5,5;PLOMBERIE;EMBASE;0;BBV5521;0
EPS PARIS;206;EPS PARIS3;A10275;KIT DE CONNECTION PR COMPTEUR QUNDIS Q WATER 5,5;PLOMBERIE;EMBASE;0;WFZ2.MS;0
EPS PARIS;206;EPS PARIS3;A10280;CAPTEUR OD 01 K1000 EF;RADIO;EM-IMP-CE;0;S117806;0
EPS PARIS;206;EPS PARIS3;A10312;EMETTEUR IMPULSION B METER IMP=1L;RADIO;EM-IMP-CE;0;1749060;0
EPS PARIS;206;EPS PARIS3;A10314;KIT GROUPE CAPTEUR CIRCULAIRE POUR DS -1 REED L=1M;RADIO;EM-IMP-CE;0;289C083A;0
EPS PARIS;206;EPS PARIS3;A10315;MODULE IMPULSIONNEL SENSUS HRI MEI DN40A125-100L;RADIO;EM-IMP-CE;0;999999;0
EPS PARIS;206;EPS PARIS3;A10316;MODULE IMPULSIONNEL SENSUS HRI MEI DN150A300-1000L;RADIO;EM-IMP-CE;0;999999;0
EPS PARIS;206;EPS PARIS3;A10317;EMETTEUR IMPULSION REED PR WOLTMANN WMAP EVO;RADIO;EM-IMP-CE;0;2.51.0018;0
EPS PARIS;206;EPS PARIS3;A20005;"VANNE 1/2"" DN15 POUR IMMERSION SONDE 5,2mm";CET;VANN-SONDE;0;4 références fournisseur;0
EPS PARIS;206;EPS PARIS3;A20006;"VANNE 3/4"" DN20 POUR IMMERSION SONDE 5,2mm";CET;VANN-SONDE;0;6 références fournisseur;0
EPS PARIS;206;EPS PARIS3;A20007;TE RECEPTION SONDE AVEC DDG 1/2 PR CFECHOII DN15;CET;TE;0;RCPT15;0
EPS PARIS;206;EPS PARIS3;A20010;"VANNE 1"" DN25 à SONDE PT500  Ø 5,2mm";CET;VANN-SONDE;0;3 références fournisseur;0
EPS PARIS;206;EPS PARIS3;A20011;PAIRE SONDES CABLE MID PT500 2 FILS LG 10M;CET;SONDE TEMP;0;3065203;0
EPS PARIS;206;EPS PARIS3;A20017;Doigt de gant M1/2 M1/4 pour CET;CET;DDG;0;3 références fournisseur;0
EPS PARIS;206;EPS PARIS3;A20019;TE POUR DOIGT GANT 3/4 1/2 3/4;CET;TE;0;3 références fournisseur;0
EPS PARIS;206;EPS PARIS3;A20025;"Doigt de gant pour CET 1/2"" -Ø5,0mm-Mid par Kundo";CET;DDG;0;590863 0;0
EPS PARIS;206;EPS PARIS3;A20032;SONDES BORNIER MID 6mm PT100 4F L100;CET;SONDE TEMP;0;3027548;0
EPS PARIS;206;EPS PARIS3;A20040;EMETTEUR BF POUR GALLUS G4 PRE-EQUIPE;RADIO;EM-IMP-GAZ;0;5561515;0
EPS PARIS;206;EPS PARIS3;A20046;"PIECE D'ADAPTATION  R3/4"" x M10";CET;PIEC-ADAP;0;3 références fournisseur;0
EPS PARIS;206;EPS PARIS3;A20049;ADAPTATEUR T R3/4 SONDE IMM. DIRECTE PR DN20;CET;TE;0;65-56-492;0
EPS PARIS;206;EPS PARIS3;A20050;ADAPTATEUR T R1/2 SONDE IMM. DIRECTE PR DN15;CET;TE;0;65-56-491;0
EPS PARIS;206;EPS PARIS3;A20051;"PIECE D'ADAPTATION  R3/8"" x M10";CET;PIEC-ADAP;0;3 références fournisseur;0
EPS PARIS;206;EPS PARIS3;A20054;KIT DE MONTAGE PR REMPLACEMENT  SYNERGYR 1 ET 2;CET;SYNERGYR;0;ALG80WRI;0
EPS PARIS;206;EPS PARIS3;A20060;EMETTEUR BF POUR RF1 G6;RADIO;EM-IMP-GAZ;0;240-800-31;0
EPS PARIS;206;EPS PARIS3;A20061;EMETTEUR BF DOUBLE EMBASE;RADIO;EM-IMP-GAZ;0;240-800-20;0
EPS PARIS;206;EPS PARIS3;A20062;EMETTEUR IMPULS/2*ROUE 2XBINDER PR G10;RADIO;EM-IMP-GAZ;0;4NEIB4;0
EPS PARIS;206;EPS PARIS3;A20063;EMETTEUR IMPULS INDUS 2 BINDER (Z64);RADIO;EM-IMP-GAZ;0;Z64;0
EPS PARIS;206;EPS PARIS3;A20064;EMETTEUR IMPULS INDUS 1 BINDER (Z63);RADIO;EM-IMP-GAZ;0;Z63;0
EPS PARIS;206;EPS PARIS3;A20066;SONDE DE TEMPERATURE QUNDIS 5,0/5,2;CET;SONDE TEMP;0;HMXIK004 001;0
EPS PARIS;206;EPS PARIS3;A20079;CLAPET ANTI RETOUR PARE FLAMME POUR TUYAU;GAZ;CLAPETS;0;237008;0
EPS PARIS;206;EPS PARIS3;A20090;DOIGT DE GANT M1/2 LG90 (LOT DE 2);CET;DDG;0;6557427;0
EPS PARIS;206;EPS PARIS3;A20091;DOIGT DE GANT 6MM L100;CET;DDG;0;3027450;0
EPS PARIS;206;EPS PARIS3;A20094;DOIGT DE GANT 6MM L200 A VISSER;CET;DDG;0;3027452;0
EPS PARIS;206;EPS PARIS3;A30017;SONDE DEPORTEE CABLE 1,5m;RFC;DEPORTE;0;HCAIK010 0S1;0
EPS PARIS;206;EPS PARIS3;A30060;SONDE DEPORTEE CABLE 2,5m;RFC;DEPORTE;0;HCAI-K010-0S2;0
EPS PARIS;206;EPS PARIS3;A30061;SONDE DEPORTEE CABLE 5,0m;RFC;DEPORTE;0;HCAI-K010-0S5;0
EPS PARIS;206;EPS PARIS3;A30109;SONDE DE TEMPERATURE A DISTANCE (2 MT) - N.VERSION;RFC;DEPORTE;0;0565A004;0
EPS PARIS;206;EPS PARIS3;A30110;SONDE DE TEMPERATURE A DISTANCE (5 MT) - N.VERSION;RFC;DEPORTE;0;0565A003;0
EPS PARIS;206;EPS PARIS3;A40008;IZAR RADIO EXTERN 868 TEMP INTERNE;RADIO;TEMPERATUR;0;3020768;0
EPS PARIS;206;EPS PARIS3;A40011;Transformateur courant TCA14 100/5A - CEL COUNTIS;ELECTRICIT;TORE;0;192T1410;0
EPS PARIS;206;EPS PARIS3;A40012;IZAR RADIO EXTERNAL 868 TEMPERATURE;RADIO;TEMPERATUR;0;3009598;0
EPS PARIS;206;EPS PARIS3;A40013;TX TEMP AMBIANCE  868 MHz 700-001;CAPTEURS;TEMPERATUR;0;TX TEMP AMB 700-001;0
EPS PARIS;206;EPS PARIS3;A40014;TX TEMP CAPTEUR INTEGRE 868 MHz 800-001;CAPTEURS;TEMPERATUR;0;TX TEMP INS 800-001;0
EPS PARIS;206;EPS PARIS3;A40015;TX PULSE 2 ENTREES 868 MHz 800-009;RADIO;EM-IMP;0;TX PULSE 800-009;0
EPS PARIS;206;EPS PARIS3;A40016;TX PULSE ATEX 2 ENTREES 868 MHz 800-010;RADIO;EM-IMP-GAZ;0;TX PULSE ATEX800-010;0
EPS PARIS;206;EPS PARIS3;A40017;FICHE BINDER FEMELLE POUR COMPTEUR GAZ;GAZ;FICHE BIND;0;5251415;0
EPS PARIS;206;EPS PARIS3;A40018;BLOC ALIMENTATION 12V POUR RX 1000-002;ELECTRICIT;ALIMENTATI;0;POWER 1000-002;0
EPS PARIS;206;EPS PARIS3;A40019;SUPPORT RAIL DIN POUR RX RECEPTEUR 1000-005;ELECTRICIT;RAIL DIN;0;DIN RAIL 1000-005;0
EPS PARIS;206;EPS PARIS3;A40021;ANTENNE L.P. CABLE RG58 5M + CONN. SMA 868MHz;RADIO;ANTENNE;0;ANT-REN-SMA LR 868MH;0
EPS PARIS;206;EPS PARIS3;A40022;RX RECEPTEUR MODBUS RS 485 MULTI 868MHz 900-022;RADIO;RECEPTEUR;0;RX MODBUS RS485 MULT;0
EPS PARIS;206;EPS PARIS3;A40024;ALIMENTATION A DECOUPAGE;ELECTRICIT;ALIMENTATI;0;Q.PS-AD2-2402F;0
EPS PARIS;206;EPS PARIS3;A40025;FABRICATION COFFRET TYPE 1 - 400X400X200;ELECTRICIT;COFFRET;0;M-708595-01;0
EPS PARIS;206;EPS PARIS3;A40026;FABRICATION COFFRET RECEPTEURS - 340X282X141;ELECTRICIT;COFFRET;0;M-708596-01;0
EPS PARIS;206;EPS PARIS3;A40028;CARTE 8 ENTREES ANALOGIQUES 0-10V;AUTOMATES;EXTENSION;0;PCD2.W200;0
EPS PARIS;206;EPS PARIS3;A40029;ANT-03 GC-500-011-3M;RADIO;ANTENNE;0;660069;0
EPS PARIS;206;EPS PARIS3;A40030;DIN RAIL MOUNTING BRACKET FOR LS300;RADIO;SUPPORT;0;660110;0
EPS PARIS;206;EPS PARIS3;A40031;LS300 DC - 1101492;RADIO;MODEM;0;660109;0
EPS PARIS;206;EPS PARIS3;A40032;ANTENNE MURALE IP67 - 10 M SMA MALE;RADIO;ANTENNE;0;660106;0
EPS PARIS;206;EPS PARIS3;A40033;ANTENNE MURALE IP67 N FEMALE;RADIO;ANTENNE;0;660074;0
EPS PARIS;206;EPS PARIS3;A40034;CABLE ANTENNE 20M - N MALE - SMA MALE;RADIO;ANTENNE;0;660077;0
EPS PARIS;206;EPS PARIS3;A40036;TO23 250/5 CL.1 1,5VA;ELECTRICIT;TORE;0;192T4604;0
EPS PARIS;206;EPS PARIS3;A40037;TX PULSE ATEX 2 ENTREES 169 MHz 400-003;RADIO;MODULE VHF;0;TX PULSE ATEX400-003;0
EPS PARIS;206;EPS PARIS3;A40038;TX PULSE HP 2 ENTREES 169 MHz 400-005;RADIO;MODULE VHF;0;TX PULSE HP 400-005;0
EPS PARIS;206;EPS PARIS3;A40040;RX REPETEUR 169 MHz + ANTENNE  SMA 600-001;RADIO;REPETEUR;0;RX REPEATER 600-001;0
EPS PARIS;206;EPS PARIS3;A40041;ANTENNE L.P. CABLE RG58 5M + CONN. SMA 169MHz;RADIO;ANTENNE;0;ANT-REN-SMA HP 169;0
EPS PARIS;206;EPS PARIS3;A40042;RX RECEPTEUR MODBUS RS 485 MULTI 169MHz 500-022;RADIO;RECEPTEUR;0;RX MOBBUS 500-022;0
EPS PARIS;206;EPS PARIS3;A40043;MODULE DE 6 ENTREES DIGITALES 110...240 VAC;AUTOMATES;EXTENSION;0;PCD3.E500;0
EPS PARIS;206;EPS PARIS3;A40044;MODULE DE SORTIES ANALOGIQUES;AUTOMATES;EXTENSION;0;PCD3.W400;0
EPS PARIS;206;EPS PARIS3;A40045;MODULE  FORCAGE LOCAL + 4 SORTIES DIGIT. A RELAIS;AUTOMATES;EXTENSION;0;PCD3.A810;0
EPS PARIS;206;EPS PARIS3;A40046;ANTENNE GPRS - CONNECTOR SMA M - CABLE RG174-3M;RADIO;ANTENNE;0;660073;0
EPS PARIS;206;EPS PARIS3;A40047;TX PULSE HP ATEX 2 ENTREES 169MHz 400-006;RADIO;MODULE VHF;0;TX PULSE HP ATEX 400;0
EPS PARIS;206;EPS PARIS3;A40048;RT COM TRANSMET. IMPULSION 868MHz 520-009;RADIO;MODULE UHF;0;520-009;0
EPS PARIS;206;EPS PARIS3;A40049;RT COM TRANSMET. IMPULSION 868MHz ATEX 383-007;RADIO;RECEPTEUR;0;383-007;0
EPS PARIS;206;EPS PARIS3;A40050;CORDON DOUBLE BF1 (1.2.4.6) BF2 (3.5);GAZ;FICHE BIND;0;CABLE_OCEA_2;0
EPS PARIS;206;EPS PARIS3;A40051;TX PULSE 2 ENTREES 169 MHz 400-002;RADIO;MODULE VHF;0;TX PULSE 400-002;0
EPS PARIS;206;EPS PARIS3;A40052;TORE OUVRANT TO58 400/5 cl0,5 1VA;ELECTRICIT;TORE;0;192T4640;0
EPS PARIS;206;EPS PARIS3;A40053;TORE OUVRANT TO23 150/5 CL.3 105 1,5VA;ELECTRICIT;TORE;0;192T4602;0
EPS PARIS;206;EPS PARIS3;A40054;FLS01-50 50A CURRENT CLAMP;ELECTRICIT;TORE;0;FLS01-50;0
EPS PARIS;206;EPS PARIS3;A40055;FLS01-100 100A CURRENT CLAMP;ELECTRICIT;TORE;0;FLS01-100;0
EPS PARIS;206;EPS PARIS3;A40056;FLS01-250 250A CURRENT CLAMP;ELECTRICIT;TORE;0;FLS01-250;0
EPS PARIS;206;EPS PARIS3;A40057;FLK01A FLUKSOKUBE;CAPTEURS;TEMPERATUR;0;FLK01A;0
EPS PARIS;206;EPS PARIS3;A40058;E176 HSPA USB STICK;RADIO;MODEM;0;E176;0
EPS PARIS;206;EPS PARIS3;A40059;FLM02B FLUKSOMETER V2;RADIO;RECEPTEUR;0;FLM02B;0
EPS PARIS;206;EPS PARIS3;A40060;FLM03B FLUKSOMETER V3;RADIO;RECEPTEUR;0;FLM03B;0
EPS PARIS;206;EPS PARIS3;A40063;TX TEMP AMBIANCE  169 MHz 700-021;CAPTEURS;TEMPERATUR;0;TX TEMP AMB 700-021;0
EPS PARIS;206;EPS PARIS3;A40064;TX TEMP / HUM AMBIANCE 169 MHz 700-022;CAPTEURS;TEM-HUM;0;TX TEMP AMB/HUM 700-;0
EPS PARIS;206;EPS PARIS3;A40065;TX TEMP CAPTEUR INTEGRE 169 MHz 800-021;CAPTEURS;TEMPERATUR;0;TX TEMP INS 800-021;0
EPS PARIS;206;EPS PARIS3;A40066;TX TEMP HP CONTACT 169 MHz 800-022;CAPTEURS;TEMPERATUR;0;TX TEMP CONT 800-022;0
EPS PARIS;206;EPS PARIS3;A40067;BAT RECHARGEABLE 6V REPETEUR 169 MHz 1000-003;ELECTRICIT;PILES;0;BAT REC 6V 1000-003;0
EPS PARIS;206;EPS PARIS3;A40069;PULSE 101A DATA LOGGER;RADIO;LOGGER;0;PULSE101A DATA LOGGE;0
EPS PARIS;206;EPS PARIS3;A40070;MOTEUR THERMIQUE POUR E.V. SYNERGYR 2 - STP73;CET;SYNERGYR;0;S55174-A102;0
EPS PARIS;206;EPS PARIS3;A40071;ELECTROVANNE POUR SYNERGYR 2;CET;SYNERGYR;0;VVP47.20-4;0
EPS PARIS;206;EPS PARIS3;A40073;BOITIER MONITORING TICTOP AUTO ALIMENTE;ELECTRICIT;COMPT;0;TICTOP-AUTO;0
EPS PARIS;206;EPS PARIS3;A40075;RX RECEPTEUR MODBUS RS 232/485 169 MHz 500-002;RADIO;RECEPTEUR;0;RX MOBUS 500-002;0
EPS PARIS;206;EPS PARIS3;A40076;SONDE TEMPERATURE AMBIANTE WMBUS 868 MHz;CAPTEURS;TEMPERATUR;0;ARF8054ABE;0
EPS PARIS;206;EPS PARIS3;A40078;DOUBLEUR D'IMPULSION ELSTER;RADIO;EM-IMP;0;DOUBLEUR IMPULSION;0
EPS PARIS;206;EPS PARIS3;A40079;BOITIER FIBOX;RADIO;ACCESSOIRE;0;BOITIER FIBOX;0
EPS PARIS;206;EPS PARIS3;A40081;INTERFACE OPTIQUE POUR COMPTEURS ELECTRIQUES;ELECTRICIT;CAPTEUR;0;FM230E;0
EPS PARIS;206;EPS PARIS3;A40082;ENTREE FEMELLE-SORTIES MALES;GAZ;FICHE BIND;0;CABLE_B1;0
EPS PARIS;206;EPS PARIS3;A40083;CABLE OCEA 5M DROIT;GAZ;FICHE BIND;0;CABLE_OCEA_5MD;0
EPS PARIS;206;EPS PARIS3;A40084;CONNECT FEM COUDE 6 CONT AVEC TROU PLOMBAGE;GAZ;FICHE BIND;0;9951228206;0
EPS PARIS;206;EPS PARIS3;A40085;CABLE OCEA 5M COUDE;GAZ;FICHE BIND;0;CABLE_OCEA_5MC;0
EPS PARIS;206;EPS PARIS3;A40087;BOITE DE JONCTION ATEX 4XPG16;ELECTRICIT;ACCESSOIRE;0;ATXJBEL1N4P16G;0
EPS PARIS;206;EPS PARIS3;A40091;THERMOSTAT PROGRAMMABLE POUR SYNERGYR;CET;SYNERGYR;0;RDE100;0
EPS PARIS;206;EPS PARIS3;A40094;RECEPTEUR AVEC LIAISON SERIE RS232/485;RADIO;RECEPTEUR;0;ARF8132AAA;0
EPS PARIS;206;EPS PARIS3;A40097;EMETTEUR VHF AVEC CAPTEUR TEMPERATURE INTEGRE;CAPTEURS;TEMPERATUR;0;ARF8131AAA;0
EPS PARIS;206;EPS PARIS3;A40098;THERMOSTAT D'AMBIANCE ELECTRONIQUE PROGRAMMABLE;CET;SYNERGYR;0;RDE100.1;0
EPS PARIS;206;EPS PARIS3;A40102;IZAR RADIO EXTERN AIR;CAPTEURS;TEM-HUM;0;3063653;0
EPS PARIS;206;EPS PARIS3;A40103;MOTEUR STP23 SERVOM 100N 3MM TOR 230V 210S LG 1M;CET;SYNERGYR;0;S55174-A103;0
EPS PARIS;206;EPS PARIS3;A40104;COFFRET TYPE 3 SANS PRISE 16A NI PARAFOUDRE;AUTOMATES;COFFRET;0;XXXXX;0
EPS PARIS;206;EPS PARIS3;A40105;AIRLINK RAVERN RV50 DC;RADIO;MODEM;0;660148;0
EPS PARIS;206;EPS PARIS3;A40106;RAIL DIN MOUNTING BRACKET FOR RV50;RADIO;SUPPORT;0;660152;0
EPS PARIS;206;EPS PARIS3;A40107;ANTENNE PANORAMA ANTENNAS - EF-BC3G-26-3SP;RADIO;ANTENNE;0;150115;0
EPS PARIS;206;EPS PARIS3;A40108;COFFRET TYPE 1 AVEC PARAFOUDRE ALIM 12V;ELECTRICIT;COFFRET;0;M-710441-04;0
EPS PARIS;206;EPS PARIS3;A40109;TX TEMP CONTACT 868 MHz 800-002;CAPTEURS;TEMPERATUR;0;800-002;0
EPS PARIS;206;EPS PARIS3;A40110;RX RECEPTEUR MODBUS RS 232/485 868 MHz 900-002;RADIO;RECEPTEUR;0;900-002;0
EPS PARIS;206;EPS PARIS3;A40111;COFFRET TYPE 1 AVEC PARAFOUDRE ALIM 24V;ELECTRICIT;COFFRET;0;M-710441-01;0
EPS PARIS;206;EPS PARIS3;A40112;COFFRET TYPE 1 AVEC PARAFOUDRE ALIM 12V;ELECTRICIT;COFFRET;0;M-710441-05;0
EPS PARIS;206;EPS PARIS3;A40113;SONDE TEMPERATURE CSD5-P3-AMR-C-OCEA O. ET;CAPTEURS;TEMPERATUR;0;CSD5QT4900000000I;0
EPS PARIS;206;EPS PARIS3;A40114;THERMOSTAT RDH100RF;CAPTEURS;TEMPERATUR;0;S55770-T378;0
EPS PARIS;206;EPS PARIS3;A40115;COFFRET RECEPTEUR 12V-PARAFOUDRE-BATTERIE;ELECTRICIT;COFFRET;0;ALTERNATIVE 2;0
EPS PARIS;206;EPS PARIS3;A40116;PULSE V2 FOR LORAWAN;RADIO;LORA;0;ARF8230AA;0
EPS PARIS;206;EPS PARIS3;A40118;KIT ANTENNE SANS CABLE PASSERELLES WIRELESS MBUS;RADIO;ANTENNE;0;ACC1600BM;0
EPS PARIS;206;EPS PARIS3;A40119;CAPTEUR T+ HR WMBUS MUNIA;CAPTEURS;TEM-HUM;0;A001-0025-006;0
EPS PARIS;206;EPS PARIS3;A40120;CAPTEUR DE PRESSION VMC - LORA;CAPTEURS;VENTILATIO;0;50-70-101-001;0
EPS PARIS;206;EPS PARIS3;A40122;USB COLLECT 868 MADDALENA;RADIO;ANTENNE;0;1.ETRMD.0059;0
EPS PARIS;206;EPS PARIS3;A40124;CAPTEUR COV + TEMP + HR LORA;CAPTEURS;QAI;0;600-022;0
EPS PARIS;206;EPS PARIS3;A40125;COFFRET GALEO13 1R13 MOD;ELECTRICIT;COFFRET;0;1SPE007714F0131;0
EPS PARIS;206;EPS PARIS3;A40127;ANTENNE LTE SMA;RADIO;ANTENNE;0;9950821;0
EPS PARIS;206;EPS PARIS3;A40128;ANTENNE GSM/GPRS SMA;RADIO;ANTENNE;0;9950001;0
EPS PARIS;206;EPS PARIS3;A40129;CAPTEUR PRESSOSTAT POUR VMC QOWISIO + ALIMENTATION;CAPTEURS;VENTILATIO;0;CITELIO VMC ALIMENTE;0
EPS PARIS;206;EPS PARIS3;A40130;SONDE METEO QOWISIO;CAPTEURS;TEM-HUM;0;CITELIO SONDE METEO;0
EPS PARIS;206;EPS PARIS3;A40132;COFFRET GALEO 1R-13M-B-PH-N;ELECTRICIT;COFFRET;0;XXXX;0
EPS PARIS;206;EPS PARIS3;A40133;SONDE METEO CITELIO INDOOR 5 ANS UNB;CAPTEURS;TEM-HUM;0;CITELIO SONDEAMBIANC;0
EPS PARIS;206;EPS PARIS3;A40134;SONDE METEO CITELIO INDOOR 8 ANS UNB;CAPTEURS;TEM-HUM;0;CITELIO SONDEAMBIANC;0
EPS PARIS;206;EPS PARIS3;A40136;PULSE V4 IP68 - LORAWAN EU863-870;RADIO;LORA;0;ARF8230ABA;0
EPS PARIS;206;EPS PARIS3;A40137;CAPTEUR PRESSOSTAT POUR VMC CITELIO SOLAIRE WMBUS;CAPTEURS;VENTILATIO;0;CIT. WMC ALIM SOLAIR;0
EPS PARIS;206;EPS PARIS3;A40138;CAPTEUR PRESSOSTAT POUR VMC CITELIO SOLAIRE UNB;CAPTEURS;VENTILATIO;0;CIT. VMC ALIM SOLAIR;0
EPS PARIS;206;EPS PARIS3;A40139;SONDE TEMP QOWISIO INDOOR WMBUS;CAPTEURS;VENTILATIO;0;XXXX;0
EPS PARIS;206;EPS PARIS3;A40140;TAG NFC ETIQUETTE AU LOGEMENT;CAPTEURS;TAG;0;TAG PASSAGE NFC;0
EPS PARIS;206;EPS PARIS3;A40141;TAG NFC RENFORCE A L'IMMEUBLE;CAPTEURS;TAG;0;TAG PASSAGE NFC;0
EPS PARIS;206;EPS PARIS3;A40142;BOUCLE ECS SANITAIRE;CAPTEURS;TEM-HUM;0;BOUCLE ECS CHAUFFERI;0
EPS PARIS;206;EPS PARIS3;A40143;CAPTEUR TEMP HUM NEXELEC FEEL LORAWAN;ELECTRICIT;CAPTEUR;0;X580LS;0
EPS PARIS;206;EPS PARIS3;A40144;CAPTEUR TEMP HUM CO2 NEXELEC RISE LORAWAN;ELECTRICIT;CAPTEUR;0;X520LS;0
EPS PARIS;206;EPS PARIS3;A40145;CAPTEUR AMBIANCE 7EN1 NEXELEC SIGN LORAWAN;ELECTRICIT;CAPTEUR;0;X565LS;0
EPS PARIS;206;EPS PARIS3;A40146;CAPTEUR NIVEAU SONORE MILESIGHT WS302 LORAWAN;ELECTRICIT;CAPTEUR;0;WS302;0
EPS PARIS;206;EPS PARIS3;A40147;ADEUNIS ANALOG LORAWAN;RADIO;LORA;0;ARF8200AA;0
EPS PARIS;206;EPS PARIS3;A40148;ADEUNIS PULSE ATEX BINDER CONNECTOR IP67 LORAWAN;RADIO;LORA;0;ARF8230FA-B01;0
EPS PARIS;206;EPS PARIS3;A40149;RALLONGE D'ANTENNE N-MALE / RP-SMA-MALE (3M);RADIO;ANTENNE;0;DTANT868OUTCA03;0
EPS PARIS;206;EPS PARIS3;A40150;CAPTEUR TEMP HUM FUITE ELSYS EMS LORAWAN;ELECTRICIT;CAPTEUR;0;ELSEMS;0
EPS PARIS;206;EPS PARIS3;A40151;CAPTEUR TEMP HUM LUM MOUV ELSYS ERS LORAWAN;ELECTRICIT;CAPTEUR;0;ELSERS;0
EPS PARIS;206;EPS PARIS3;A40152;CAPTEUR INTENSITÉ LUMINEUSE EXT S2102 LORAWAN;ELECTRICIT;CAPTEUR;0;114992868;0
EPS PARIS;206;EPS PARIS3;A40154;CAPTEUR NIVEAU SONORE GIGACONCEPT WS302 LORAWAN;ELECTRICIT;CAPTEUR;0;GC-URS026;0
EPS PARIS;206;EPS PARIS3;A40155;MOTEUR THERMIQUE POUR EV SYNERGYR 2 - STP121;CET;SYNERGYR;0;STP121.65L10;0
EPS PARIS;206;EPS PARIS3;A40156;INTERFACE OPTIQUE FLUDIA FM210p-e;ELECTRICIT;CAPTEUR;0;FM210P-E;0
EPS PARIS;206;EPS PARIS3;A40157;ADEUNIS TEMPS 2S LORAWAN;RADIO;LORA;0;ARF8180BCB;0
EPS PARIS;206;EPS PARIS3;A40158;INJECTEUR POE 30W OUTDOOR;RADIO;ACCESSOIRE;0;PLANET IPOE-165;0
EPS PARIS;206;EPS PARIS3;A40159;RALLONGE ANTENNE LORA 11DBI;RADIO;ACCESSOIRE;0;DTRALNN5CLF400;0
EPS PARIS;206;EPS PARIS3;A40160;PARAFOUDRE PASSERELLE LORA;RADIO;ACCESSOIRE;0;DTPARAFOUDRE;0
EPS PARIS;206;EPS PARIS3;A40161;ADEUNIS PULSE ATEX JAE LORAWAN;RADIO;LORA;0;ARF8230GA-B02;0
EPS PARIS;206;EPS PARIS3;A40162;CABLE ANTENNE RP-SMA-MALE/N-MALE 10M;RADIO;ACCESSOIRE;0;DTANT868OUTCA10;0
EPS PARIS;206;EPS PARIS3;A40163;CABLE ANTENNE RP-SMA-MALE/N-MALE 20M;RADIO;ACCESSOIRE;0;DTANT868OUTCA20;0
EPS PARIS;206;EPS PARIS3;A40164;CABLE ANTENNE RP-SMA-MALE/N-MALE 5M;RADIO;ACCESSOIRE;0;DTANT868OUTCA;0
EPS PARIS;206;EPS PARIS3;C10005;AQUARIUS EF 15/80 TGP HA+TI;CE;VIT-EF;0;3018201;0
EPS PARIS;206;EPS PARIS3;C10006;AQUARIUS EF 15/110 TGP HA+TI;CE;VIT-EF;0;2 références fournisseur;0
EPS PARIS;206;EPS PARIS3;C10007;AQUARIUS EC 15/80 TGP HA+TI;CE;VIT-EC;0;3018202;0
EPS PARIS;206;EPS PARIS3;C10008;AQUARIUS EC 15/110 TGP HA+TI;CE;VIT-EC;0;2 références fournisseur;0
EPS PARIS;206;EPS PARIS3;C10012;AQUADIS+ EF 15/110 TSN;CE;VOL-EF;0;AQP15110QB160ET;0
EPS PARIS;206;EPS PARIS3;C10052;WESAN WP EF 50/200 + REED 570 (100L/IMPULS);CE;WOL-EF;0;22200002+630061;0
EPS PARIS;206;EPS PARIS3;C10054;Altaïr V3 EF 15/110 TGP Ha+Ti ss-couv;CE;VOL-EF;0;3015923;0
EPS PARIS;206;EPS PARIS3;C10056;AQUADIS+ EC 15/110 TSN;CE;VOL-EC;0;AQP15110WQBR160ET;0
EPS PARIS;206;EPS PARIS3;C10058;ALTAÏR V3 EF 20/190 TGP HA+TI;CE;VOL-EF;0;3016004;0
EPS PARIS;206;EPS PARIS3;C10064;ALTAÏR V3 EF 1''1/2 COAXIAL TGP HA+TI;CE;VOL-EF;0;3016005;0
EPS PARIS;206;EPS PARIS3;C10065;ALTAÏR V3 EF 32/260 TGVI TI;CE;VOL-EF;0;3029838;0
EPS PARIS;206;EPS PARIS3;C10066;ALTAÏR V3 EF 40/300 TGVI TI;CE;VOL-EF;0;3029839;0
EPS PARIS;206;EPS PARIS3;C10067;ALTAÏR V3 EF 25/260 TGVI;CE;VOL-EF;0;3029837;0
EPS PARIS;206;EPS PARIS3;C10068;AQUADIS+ EC 15/105 TSN ANYQUEST CYBLE;CE;VOL-EC-RAD;0;AQP15105WQB160ABET;0
EPS PARIS;206;EPS PARIS3;C10070;FLODIS EF DN15 LG110 TVM MID;CE;VIT-EF;0;FL15110TL_F;0
EPS PARIS;206;EPS PARIS3;C10071;AQUADIS+ EC 15/110 TSN ANYQUEST CYBLE;CE;VOL-EC-RAD;0;AQP15110WQB160ABET;0
EPS PARIS;206;EPS PARIS3;C10072;AQUADIS+ EF 15/110 TSN ANYQUEST CYBLE;CE;VOL-EF-RAD;0;AQP15110QB160ABET;0
EPS PARIS;206;EPS PARIS3;C10073;AQUARIUS EF 20/130 TGP HA+TI;CE;VIT-EF;0;3018189;0
EPS PARIS;206;EPS PARIS3;C10075;AQUILA V4 EF 60-65/300 TGVI TI;CE;VIT-EF;0;3029894;0
EPS PARIS;206;EPS PARIS3;C10076;AQUILA V4 EF 50/300 TGVI TI;CE;VIT-EF;0;3019762;0
EPS PARIS;206;EPS PARIS3;C10077;AQUILA V4 EF 80/350 TGVI PN16;CE;VIT-EF;0;3029896;0
EPS PARIS;206;EPS PARIS3;C10078;AQUILA V4 EF 100/350 TGVI TI;CE;VIT-EF;0;3029898;0
EPS PARIS;206;EPS PARIS3;C10088;NARVAL EF 15/110 TSN ANYQUEST CYBLE;CE;VIT-EF-RAD;0;NEF15Y110BR50LAB_PH;0
EPS PARIS;206;EPS PARIS3;C10099;ALTAIR V3 25/260 TGVI + IZAR RCI R4;CE;VOL-EF-RAD;0;3039542+3029837;0
EPS PARIS;206;EPS PARIS3;C10108;ALTAÏRV3 EC 15/110 HA+TI TGP;CE;VOL-EC;0;3015927;0
EPS PARIS;206;EPS PARIS3;C10115;ALTAÏR V4 EF 15/110 COMP TGP HA+TI;CE;VOL-EF;0;3036510;0
EPS PARIS;206;EPS PARIS3;C10118;ALTAÏR V4 EF 15/110 TGV HA+TI;CE;VOL-EF;0;3024029;0
EPS PARIS;206;EPS PARIS3;C10121;FLOSTAR M50 TVM FILETE MID;CE;VIT-EF;0;FL50GO;0
EPS PARIS;206;EPS PARIS3;C10139;ALTAIR V3 EC TGP 15/110  EQUIPE VHF CP;CE;VOL-EC-TEL;0;3018386;0
EPS PARIS;206;EPS PARIS3;C10143;Altaïr V3 EF 15/110 TGP ss couv livré VHF CP;CE;VOL-EF-TEL;0;3015923;0
EPS PARIS;206;EPS PARIS3;C10144;ALTAÏR V3 EC 15/110 TGP LIVRÉ VHF CP 169 MHZ;CE;VOL-EC-TEL;0;3015927;0
EPS PARIS;206;EPS PARIS3;C10146;Altair EF 40/300 lait. (livré av VHF);CE;VOL-EF-TEL;0;3029839;0
EPS PARIS;206;EPS PARIS3;C10148;AQUADIS + EC 15/110 TSN LIVRÉ CYBLE-LRF;CE;VOL-EC-TEL;0;AQP15110WQB160LLRF;0
EPS PARIS;206;EPS PARIS3;C10158;ALTAÏR V4 EF 15/110 TGP LIVRÉ VHF CP;CE;VOL-EF-TEL;0;3027655;0
EPS PARIS;206;EPS PARIS3;C10160;Aquarius EC 15/80 (CAB) TGP équipé IZAR LIGHT R3,5;CE;VIT-EC-RAD;0;3026431;0
EPS PARIS;206;EPS PARIS3;C10161;Aquarius EF 15/80 (CAB) TGP équipé IZAR LIGHT R3,5;CE;VIT-EF-RAD;0;3026430;0
EPS PARIS;206;EPS PARIS3;C10164;AQUARIUS EC 15/110 TGP LIVRÉ VHF CP 169 MHZ;CE;VIT-EC-TEL;0;3029163;0
EPS PARIS;206;EPS PARIS3;C10165;ALTAÏR V4 EF 15/110 TGPI;CE;VOL-EF;0;3035019;0
EPS PARIS;206;EPS PARIS3;C10173;AQUARIUS EF 15/80 TGP LIVRÉ VHF CP 169 MHZ;CE;VIT-EF-TEL;0;3035206;0
EPS PARIS;206;EPS PARIS3;C10175;AQUARIUS EC 15/80 TGP LIVRÉ VHF CP 169 MHZ;CE;VIT-EC-TEL;0;3035208;0
EPS PARIS;206;EPS PARIS3;C10177;WESAN WP EF 80/200 + REED 570 (100L/IMPULS);CE;WOL-EF;0;22200020+630061;0
EPS PARIS;206;EPS PARIS3;C10180;M-TXKA EC - DN32 -LG 260 - impulsion 1L;CE;VIT-EC;0;41300461;0
EPS PARIS;206;EPS PARIS3;C10181;CORONA E - EC 15/110 Mbus + impulsions;CE;VIT-EC;0;3013375;0
EPS PARIS;206;EPS PARIS3;C10183;ALTAÏR V3 EF 20/190 TGV HA+TI;CE;VOL-EF;0;3016791;0
EPS PARIS;206;EPS PARIS3;C10188;ALTAÏR V4 EF 15/110 TGP IZAR R4;CE;VOL-EF-RAD;0;3039650;0
EPS PARIS;206;EPS PARIS3;C10189;Wesan WP froid DN 100 + REED 570;CE;WOL-EF;0;22200006+630061;0
EPS PARIS;206;EPS PARIS3;C10191;WESAN WP FROID 150/300 + REED 570;CE;WOL-EF;0;3078152+630061;0
EPS PARIS;206;EPS PARIS3;C10192;WESAN WP G DN200/350MM BRIDES PN16 (12 trous);CE;WOL-EF;0;3076530;0
EPS PARIS;206;EPS PARIS3;C10195;ALTAÏR V4 EF 15/110 COMP TGV LIVRÉ VHF CP;CE;VOL-EF-TEL;0;3035219;0
EPS PARIS;206;EPS PARIS3;C10196;AQUARIUS EC 15/110 TGP IZAR R4;CE;VIT-EC-RAD;0;3039545;0
EPS PARIS;206;EPS PARIS3;C10198;AQUARIUS EF 15/80 TGP IZAR R4 LIGHT;CE;VIT-EF-RAD;0;3044764;0
EPS PARIS;206;EPS PARIS3;C10199;ALTAÏR V4 EF 15/110 TGP IZAR R4 LIGHT;CE;VOL-EF-RAD;0;3044751;0
EPS PARIS;206;EPS PARIS3;C10200;AQUARIUS EC 15/110 TGP IZAR R4 LIGHT;CE;VIT-EC-RAD;0;3044767;0
EPS PARIS;206;EPS PARIS3;C10203;AQUARIUS EC 15/80 TGP IZAR R4 LIGHT;CE;VIT-EC-RAD;0;3044765;0
EPS PARIS;206;EPS PARIS3;C10204;ALTAÏR V3 EC 15/110 TGP IZAR R4 LIGHT;CE;VOL-EC-RAD;0;3044747;0
EPS PARIS;206;EPS PARIS3;C10206;Compteur fuel VZO DN8 équipé EI RE contact sec;FUEL;VOL-IMP;0;951655;0
EPS PARIS;206;EPS PARIS3;C10208;AQUARIUS EF 15/110 TGP IZAR R4 LIGHT;CE;VIT-EF-RAD;0;3044766;0
EPS PARIS;206;EPS PARIS3;C10209;AQUARIUS EF 25/260 TGV HA+TI;CE;VIT-EF;0;3039023;0
EPS PARIS;206;EPS PARIS3;C10210;Altaïr V3 EF 15/105 TGP Ha+Ti;CE;VOL-EF;0;3015926;0
EPS PARIS;206;EPS PARIS3;C10212;ALTAÏR V3 EF 20/190 TGV IZAR R4;CE;VOL-EF-RAD;0;3039470;0
EPS PARIS;206;EPS PARIS3;C10213;ALTAÏR V4 EF 15/110 COMP TGP IZAR R4 LIGHT;CE;VOL-EF-RAD;0;3044762;0
EPS PARIS;206;EPS PARIS3;C10214;Altaïr V3 EF 15/105 TGP IZAR R4;CE;VOL-EF-RAD;0;3039549;0
EPS PARIS;206;EPS PARIS3;C10219;Altaïr V3 EF 15/105 TGP IZAR R4 Light;CE;VOL-EF-RAD;0;3044746;0
EPS PARIS;206;EPS PARIS3;C10222;AQUARIUS EC 15/105 TGP IZAR R4 LIGHT;CE;VIT-EC-RAD;0;3051456;0
EPS PARIS;206;EPS PARIS3;C10224;Cpteur EF vitesse Radio AMR DN15 Lg 110 QUNDIS;CE;VIT-EF-RAD;0;WME5000N101100V00;0
EPS PARIS;206;EPS PARIS3;C10225;Cpteur EC vitesse Radio AMR DN15 Lg 110 QUNDIS;CE;VIT-EC-RAD;0;WME5001N101100V00;0
EPS PARIS;206;EPS PARIS3;C10229;AQUILA V4 EF 80/350 TGVI IZAR R4;CE;VOL-EF-RAD;0;3039331;0
EPS PARIS;206;EPS PARIS3;C10231;WOLTEX 65 N+G TVM MID;CE;WOL-EF;0;WE060II200_01;0
EPS PARIS;206;EPS PARIS3;C10234;AQUARIUS EC 20/130 TGP IZAR R4;CE;VIT-EC-RAD;0;3039547;0
EPS PARIS;206;EPS PARIS3;C10236;Altair V3 4 R160 20/110 TGP TI;CE;VOL-EF;0;3016000;0
EPS PARIS;206;EPS PARIS3;C10239;MULTICAL 21 EC 15/110  WMBUS ACS;CE;ULT-RAD-EC;0;21EC2.5110G3/4;0
EPS PARIS;206;EPS PARIS3;C10240;AQUARIUS IS EF 15/110 TISP;CE;VIT-EF-RAD;0;3058030;0
EPS PARIS;206;EPS PARIS3;C10241;AQUARIUS IS EF 15/80 TISP;CE;VIT-EF-RAD;0;3058072;0
EPS PARIS;206;EPS PARIS3;C10242;ALTAIR V4 IS EF 15/110 TISP;CE;VOL-EF-RAD;0;3058074;0
EPS PARIS;206;EPS PARIS3;C10243;AQUARIUS IS EC 15/110 TISP;CE;VIT-EC-RAD;0;3058029;0
EPS PARIS;206;EPS PARIS3;C10244;AQUARIUS IS EC 15/80 TISP;CE;VIT-EC-RAD;0;3058073;0
EPS PARIS;206;EPS PARIS3;C10245;ALTAIR V3 IS EC 15/110 TISP;CE;VOL-EC-RAD;0;3058003;0
EPS PARIS;206;EPS PARIS3;C10248;GLADIATOR EF 15/110 COMP+clapet anti-retour integr;CE;VOL-EF;0;11258074+57600209;0
EPS PARIS;206;EPS PARIS3;C10249;ALTAÏRV4 EF 15/110 TGV IZAR R4;CE;VOL-EF-RAD;0;3039328;0
EPS PARIS;206;EPS PARIS3;C10251;AQUARIUS EF 20/130 TGV HA+TI;CE;VIT-EF;0;3022800;0
EPS PARIS;206;EPS PARIS3;C10252;CORONA E HORIZONTAL - EC 25/260 +  Pulse 10L;CE;VIT-EC-IMP;0;3018990;0
EPS PARIS;206;EPS PARIS3;C10256;ALTAIR V3 EF 40/300 TGVI IZAR R4;CE;VOL-EF-RAD;0;3039543;0
EPS PARIS;206;EPS PARIS3;C10264;WESAN WP EF 80/225 + REED 570 (100L/IMPULS);CE;WOL-EF;0;3057271+630061;0
EPS PARIS;206;EPS PARIS3;C10265;WESAN WP G EF 150/300;CE;WOL-EF;0;3080047;0
EPS PARIS;206;EPS PARIS3;C10267;AQUILA V4 EF 60-65/300 TGVI IZAR R4;CE;VOL-EF-RAD;0;3039330;0
EPS PARIS;206;EPS PARIS3;C10270;M-TXKA EC - DN40  LG300 - 1L/IMPULSION;CE;VIT-EC-IMP;0;41300170;0
EPS PARIS;206;EPS PARIS3;C10272;HYDRUS EC 25/260 RADIO (ULTRASONS);CE;ULT-RAD-EC;0;3074933;0
EPS PARIS;206;EPS PARIS3;C10273;HYDRUS EC 32/260 RADIO (ULTRASONS);CE;ULT-RAD-EC;0;3064330;0
EPS PARIS;206;EPS PARIS3;C10276;ALTAIR V3 EC 15/105 TGP HA + TI;CE;VOL-EC;0;3035524;0
EPS PARIS;206;EPS PARIS3;C10281;MULTICAL 21 EF 15/110  WMBUS ACS;CE;ULT-RAD-EF;0;21EF2.5110G3/4;0
EPS PARIS;206;EPS PARIS3;C10283;ALTAIR V3 EC 15/105 TGP IZAR R4 LIGHT;CE;VOL-EC-RAD;0;3044749;0
EPS PARIS;206;EPS PARIS3;C10284;HYDRUS EC 16R160 40/300 1L PULSE 2B;CE;ULT-EC-IMP;0;3112586;0
EPS PARIS;206;EPS PARIS3;C10285;AQUADIS+ EF 15/110 COMP TSN;CE;VOL-EF;0;AQP15110CQBR160;0
EPS PARIS;206;EPS PARIS3;C10286;ALTAÏR V4 EF 15/110 COMP TGP LIVRÉ VHF CP;CE;VOL-EF-TEL;0;3056591;0
EPS PARIS;206;EPS PARIS3;C10287;ALTAÏR V4 EF 15/170 COMP TGP;CE;VOL-EF;0;3034636;0
EPS PARIS;206;EPS PARIS3;C10292;HYDRUS EC 32/260 1L PULSE 2B;CE;ULT-EC-IMP;0;3075435;0
EPS PARIS;206;EPS PARIS3;C10294;HYDRUS EC 25R160 50/270 10L PULSE 2B;CE;ULT-EC-IMP;0;3074930;0
EPS PARIS;206;EPS PARIS3;C10297;HYDRUS EC 4 R160 20/190 1L PULSE 2B;CE;ULT-EC-IMP;0;3064316;0
EPS PARIS;206;EPS PARIS3;C10303;WOLTEX M60/65 OBLONG MID;CE;WOL-EF;0;WE060II200_01;0
EPS PARIS;206;EPS PARIS3;C10304;ALTAIR V3 CONCENTRIQUE TGVI COMP 2,5M3/h;CE;VOL-EF;0;3032159;0
EPS PARIS;206;EPS PARIS3;C10306;AQUILA TGVI EF 25 R315 DN50/300 SSCAL;CE;VIT-EF;0;3029890;0
EPS PARIS;206;EPS PARIS3;C10309;CDSD PLUS EVO EF 15/110 RADIO EVO;CE;VIT-EF-RAD;0;CDSDEVO15.0GDC;0
EPS PARIS;206;EPS PARIS3;C10310;CDSD PLUS EVO EC 15/110 RADIO EVO;CE;VIT-EC-RAD;0;CDSDEVO15.0GDE;0
EPS PARIS;206;EPS PARIS3;C10311;CDSD PLUS EVO EF 15/80 RADIO EVO;CE;VIT-EF-RAD;0;CDSDEVO15.0GDG;0
EPS PARIS;206;EPS PARIS3;C10312;CDSD PLUS EVO EC 15/80 RADIO EVO;CE;VIT-EC-RAD;0;CDSDEVO15.0GDI;0
EPS PARIS;206;EPS PARIS3;C10313;CDSD PLUS EVO EF 15/110;CE;VIT-EF;0;CDSDEVO15.0GDD;0
EPS PARIS;206;EPS PARIS3;C10314;CDSD PLUS EVO EC 15/110;CE;VIT-EC;0;CDSDEVO15.0GDF;0
EPS PARIS;206;EPS PARIS3;C10315;CDSD PLUS EVO EF 15/80;CE;VIT-EF;0;CDSDEVO15.0GDH;0
EPS PARIS;206;EPS PARIS3;C10316;CDSD PLUS EVO EC 15/80;CE;VIT-EC;0;CDSDEVO15.0GDJ;0
EPS PARIS;206;EPS PARIS3;C10322;WESAN S G 63 R40 80/300 PN16 MID DMFR;CE;WOL-EF;0;3085198;0
EPS PARIS;206;EPS PARIS3;C10323;ALTAIR V4 2,5 R160 15/110 TGPi;CE;VOL-EF;0;3022743;0
EPS PARIS;206;EPS PARIS3;C10325;VME5-Q3 2,5M3/H IST EF AMR-WB-C QUNDIS;CE;VIT-EF-RAD;0;WME5000T4111 00V00;0
EPS PARIS;206;EPS PARIS3;C10326;VME5-Q3 2,5M3/H IST EC AMR-WB-C QUNDIS;CE;VIT-EC-RAD;0;VME5001T4111 00V00;0
EPS PARIS;206;EPS PARIS3;C10327;ALTAIR EF TGV 20/190  EQUIPE VHF CP;CE;VOL-EF-TEL;0;3023863;0
EPS PARIS;206;EPS PARIS3;C10329;WESAN P G 40 R63 50/200 PN16 10L MID;CE;WOL-EF;0;3066237;0
EPS PARIS;206;EPS PARIS3;C10330;WESAN P G 100 R100 80/200 PN16;CE;WOL-EF;0;3080919;0
EPS PARIS;206;EPS PARIS3;C10331;AQUARIUS EC TGP 15/80  EQUIPE VHF CP;CE;VIT-EC-TEL;0;3035208;0
EPS PARIS;206;EPS PARIS3;C10332;ALTAIR V4 EF R160 20/190 TGPI;CE;VOL-EF;0;3060028;0
EPS PARIS;206;EPS PARIS3;C10333;ALTAÏR V4 EF 15/110 TGP HA+TI LIVRE VHF CP;CE;VOL-EF-TEL;0;3090346;0
EPS PARIS;206;EPS PARIS3;C10334;ALTAIR V4 EC 15/110 TGP TI;CE;VOL-EC;0;3073749;0
EPS PARIS;206;EPS PARIS3;C10335;ALTAIR V4 IS EC 15/110 TISP;CE;VOL-EC-RAD;0;3089171;0
EPS PARIS;206;EPS PARIS3;C10336;ALTAIR V4 EC 15/110 TGP TI + IZAR R4 LIGHT;CE;VOL-EC-RAD;0;3100614;0
EPS PARIS;206;EPS PARIS3;C10338;ALTAIR V4 EF R160 20/190 TGVI;CE;VOL-EF;0;3060030;0
EPS PARIS;206;EPS PARIS3;C10339;ALTAÏR V4 EF 20/190 TGVI IZAR RCI R4;CE;VOL-EF-RAD;0;3089217;0
EPS PARIS;206;EPS PARIS3;C10340;WESAN P 50/200 PN16-10L  EQUIPE IZAR RCI R4;CE;WOL-EF-RAD;0;3080255;0
EPS PARIS;206;EPS PARIS3;C10341;WESAN WP G DN100 ENTRAXE 250;CE;WOL-EF;0;3076026;0
EPS PARIS;206;EPS PARIS3;C10345;ALTAIR V4 IS EF 15/110 TISP COMP;CE;VOL-EF-RAD;0;3058075;0
EPS PARIS;206;EPS PARIS3;C10346;ALTAÏR V4 EF 20/190 TGP IZAR RCI R4;CE;VIT-EF-RAD;0;3102947;0
EPS PARIS;206;EPS PARIS3;C10347;ALTAIR V4 EF 25/260 TGVI TI IZAR R4;CE;VOL-EF-RAD;0;3099794;0
EPS PARIS;206;EPS PARIS3;C10348;ALTAIR V4 EF 32/260 TGVI TI IZAR R4;CE;VOL-EF-RAD;0;3099793;0
EPS PARIS;206;EPS PARIS3;C10349;WESAN WP EF 65/200 IZAR RCI R4;CE;WOL-EF-RAD;0;3101146;0
EPS PARIS;206;EPS PARIS3;C10350;ALTAIR V4 EF R160 20/110 TGPI;CE;VOL-EF;0;3060027;0
EPS PARIS;206;EPS PARIS3;C10351;SJ EVO EF 15/110 RADIO EVO;CE;VIT-EF-RAD;0;SJEVO15.0HQU;0
EPS PARIS;206;EPS PARIS3;C10352;SJ EVO EF 15/110;CE;VIT-EF;0;SJEVO15.0HQZ;0
EPS PARIS;206;EPS PARIS3;C10353;SJ EVO EC 15/110 RADIO EVO;CE;VIT-EC-RAD;0;SJEVO15.0HQW;0
EPS PARIS;206;EPS PARIS3;C10354;SJ EVO EC 15/110;CE;VIT-EC;0;SJEVO15.0HR0;0
EPS PARIS;206;EPS PARIS3;C10355;SJ EVO EF 15/80 RADIO EVO;CE;VIT-EF-RAD;0;SJEVO15.0HQX;0
EPS PARIS;206;EPS PARIS3;C10356;SJ EVO EF 15/80;CE;VIT-EF;0;SJEVO15.0HR2;0
EPS PARIS;206;EPS PARIS3;C10357;SJ EVO EC 15/80 RADIO EVO;CE;VIT-EC-RAD;0;SJEVO15.0HQY;0
EPS PARIS;206;EPS PARIS3;C10358;SJ EVO EC 15/80;CE;VIT-EC;0;SJEVO15.0HR1;0
EPS PARIS;206;EPS PARIS3;C10359;ALTAIR V4 EF 40/300 TGVI IZAR R4;CE;VOL-EF-RAD;0;3099792;0
EPS PARIS;206;EPS PARIS3;C10360;AQUILA V5 EF 80/350 TGVI IZAR R4;CE;VOL-EF-RAD;0;3104220;0
EPS PARIS;206;EPS PARIS3;C10362;QALCOSONIC W1 EF 15/110 COMP RADIO;CE;ULT-EF-TEL;0;QW112302X0114;0
EPS PARIS;206;EPS PARIS3;C10363;QALCOSONIC W1 EC 15/110 COMP RADIO;CE;ULT-EC-TEL;0;QW112302X0113;0
EPS PARIS;206;EPS PARIS3;C10364;SICONIA EF 15/110 COMP RADIO;CE;ULT-EF-TEL;0;253892043;0
EPS PARIS;206;EPS PARIS3;C10365;AQUILA V5 EF 100/350 TGV IZAR R4;CE;VIT-EF-RAD;0;3104397;0
EPS PARIS;206;EPS PARIS3;C10368;ALTAIR V4 EF 15/110 TGV TI COMP + IZAR R4;CE;VOL-EF-RAD;0;3039632;0
EPS PARIS;206;EPS PARIS3;C10369;SJ EVO R160 EF 15/110 RADIO EVO;CE;VIT-EF-RAD;0;SJEVO15.0IB1;0
EPS PARIS;206;EPS PARIS3;C10370;SJ EVO R160 EC 15/110 RADIO EVO;CE;VIT-EC-RAD;0;SJEVO15.0IB2;0
EPS PARIS;206;EPS PARIS3;C10371;ALTAÏR V4 EF 32/260 TGVI TI;CE;VOL-EF;0;3081893;0
EPS PARIS;206;EPS PARIS3;C10372;ALTAÏR V4 EF 40/300 TGVI TI;CE;VOL-EF;0;3070619;0
EPS PARIS;206;EPS PARIS3;C10373;ALTAÏR V4 EF 25/260 TGVI TI;CE;VOL-EF;0;3081896;0
EPS PARIS;206;EPS PARIS3;C10374;ALTAÏR V4 EC 15/110 TGP TI + IZAR G4;CE;VOL-EC-TEL;0;3100712;0
EPS PARIS;206;EPS PARIS3;C10375;ALTAÏR V4 EF 15/110 COMP TGP TI + IZAR G4;CE;VOL-EF-TEL;0;3062280;0
EPS PARIS;206;EPS PARIS3;C10376;ALTAÏR V4 EF 15/110 TGP TI + IZAR G4;CE;VOL-EF-TEL;0;3062275;0
EPS PARIS;206;EPS PARIS3;C10378;SICONIA EC 15/110 COMP RADIO;CE;ULT-EC-TEL;0;253910739;0
EPS PARIS;206;EPS PARIS3;C10379;MVM EF 15/110 RADIO ARROW;CE;VOL-EF-TEL;0;MVM15.9652;0
EPS PARIS;206;EPS PARIS3;C10380;SJ EVO EF 15/80 RADIO EVO 14A;CE;VIT-EF-RAD;0;SJEVO15.0IG7;0
EPS PARIS;206;EPS PARIS3;C10381;SJ EVO EC 15/80 RADIO EVO 14A;CE;VIT-EC-RAD;0;SJEVO15.0IFS;0
EPS PARIS;206;EPS PARIS3;C10382;ALTAÏR V4 EF 15/110 TGP LIVRE VHF V2 G1;CE;VOL-EF-TEL;0;3116905;0
EPS PARIS;206;EPS PARIS3;C10383;ARIES EF 15/110 TGP TI;CE;VIT-EF;0;3090790;0
EPS PARIS;206;EPS PARIS3;C10384;ARIES EC 15/110 TGP TI;CE;VIT-EC;0;3090792;0
EPS PARIS;206;EPS PARIS3;C10385;ARIES IS EF 15/110 TISP;CE;VIT-EF-RAD;0;3091707;0
EPS PARIS;206;EPS PARIS3;C10386;ARIES IS EC 15/110 TISP;CE;VIT-EC-RAD;0;3091709;0
EPS PARIS;207;EPS PARIS4;C10387;ARIES EF 15/110 TGP TI IZAR RCI R4 LIGHT CP;CE;VIT-EF-RAD;0;3099579;0
EPS PARIS;207;EPS PARIS4;C10388;ARIES EC 15/110 TGP TI IZAR RCI R4 LIGHT CP;CE;VIT-EC-RAD;0;3099574;0
EPS PARIS;207;EPS PARIS4;C10389;ARIES EF 15/110 TGP TI IZAR RCI R4 CP;CE;VIT-EF-RAD;0;3099578;0
EPS PARIS;207;EPS PARIS4;C10390;ARIES EC 15/110 TGP TI IZAR RCI R4 CP;CE;VIT-EC-RAD;0;3099572;0
EPS PARIS;207;EPS PARIS4;C10391;ARIES EF 15/110 TGP TI VHF CP V2 1G;CE;VIT-EF-TEL;0;3120355;0
EPS PARIS;207;EPS PARIS4;C10392;ARIES EC 15/110 TGP TI VHF CP V2 1G;CE;VIT-EC-TEL;0;3120355;0
EPS PARIS;207;EPS PARIS4;C10393;ARIES EC 20/130 TGP TI;CE;VIT-EC;0;3095864;0
EPS PARIS;207;EPS PARIS4;C10394;AURIGA EF 25/260 TGV TI;CE;VIT-EF;0;3073756;0
EPS PARIS;207;EPS PARIS4;C10396;HYDRUS EC 20/190 RADIO;CE;ULT-RAD-EC;0;3074927;0
EPS PARIS;207;EPS PARIS4;C10397;SICONIA SM V2 EC 15/110 COMP RADIO 15 ANS;CE;ULT-EC-TEL;0;253993676;0
EPS PARIS;207;EPS PARIS4;C10398;SICONIA SM V2 EF 15/110 COMP RADIO 15 ANS;CE;ULT-EF-TEL;0;253993390;0
EPS PARIS;207;EPS PARIS4;C10399;HYDRUS EC 40/300 RADIO OMS;CE;ULT-RAD-EC;0;3115390;0
EPS PARIS;207;EPS PARIS4;C10400;WESAN WP G EF 80/225 BRIDE 8 TROUS TI;CE;WOL-EF;0;3076025;0
EPS PARIS;207;EPS PARIS4;C10401;AURIGA EF 32/260 TGV TI;CE;VIT-EF;0;3073758;0
EPS PARIS;207;EPS PARIS4;C10402;WECOUNT-S EF 15/110 RADIO;CE;VIT-EF-RAD;0;98.8250.40.00;0
EPS PARIS;207;EPS PARIS4;C10403;WECOUNT-S EC 15/110 RADIO;CE;VIT-EC-RAD;0;98.8251.40.00;0
EPS PARIS;207;EPS PARIS4;C10404;HYDRUS EC 2.0 BULK 65/200 RADIO OMS;CE;ULT-RAD-EC;0;3119709;0
EPS PARIS;207;EPS PARIS4;C10405;HYDRUS 6,3 EC 25/260 RADIO;CE;ULT-RAD-EC;0;3128024;0
EPS PARIS;207;EPS PARIS4;C10406;SICONIA SMV2 EF 15/110 COMP RADIO 12 ANS;CE;ULT-EF-TEL;0;254031607;0
EPS PARIS;207;EPS PARIS4;C10407;SICONIA SMV2 EC 15/110 COMP RADIO 12 ANS;CE;ULT-EC-TEL;0;254031681;0
EPS PARIS;207;EPS PARIS4;C10408;AQUILA V4 EF 50/300 TGVI IZAR R4;CE;VIT-EC-RAD;0;3039162;0
EPS PARIS;207;EPS PARIS4;C10409;ARIES EF 20/130 TGPI IZAR RCI R4;CE;VIT-EF-RAD;0;3111375;0
EPS PARIS;207;EPS PARIS4;C10410;ARIES EC 20/130 TGPI IZAR RCI R4;CE;VIT-EC-RAD;0;3109911;0
EPS PARIS;207;EPS PARIS4;C10411;ALTAIR V4 EF 15/110 TGPI EQUIPE VHF V2 1G;CE;VOL-EF-RAD;0;3116905;0
EPS PARIS;207;EPS PARIS4;C10412;ALTAIR V4 EC 15/110 TGPI EQUIPE VHF V2 1G;CE;VOL-EC-RAD;0;3116848;0
EPS PARIS;207;EPS PARIS4;C10413;MVM EVO EF 15/110 RADIO EVO;CE;VOL-EF-RAD;0;MVMEVO15.0KFP;0
EPS PARIS;207;EPS PARIS4;C10414;SICONIA SM V2 EF 15/110 COMP RADIO 15 ANS - NEW;CE;ULT-EF-TEL;0;253993390;0
EPS PARIS;207;EPS PARIS4;C10415;SICONIA SM V2 EC 15/110 COMP RADIO 15 ANS - NEW;CE;ULT-EC-TEL;0;253993676;0
EPS PARIS;207;EPS PARIS4;C10416;SICONIA SMV2 EF 15/110 COMP RADIO 12 ANS - NEW;CE;ULT-EF-TEL;0;254031607;0
EPS PARIS;207;EPS PARIS4;C10417;SICONIA SMV2 EC 15/110 COMP RADIO 12 ANS - NEW;CE;ULT-EC-TEL;0;254031681;0
EPS PARIS;207;EPS PARIS4;C10418;HYDRUS 2 EC 20/190 R800 RADIO;CE;ULT-RAD-EC;0;3126489;0
EPS PARIS;207;EPS PARIS4;C10419;HYDRUS 2 EC 25/260 R400 RADIO;CE;ULT-RAD-EC;0;3129102;0
EPS PARIS;207;EPS PARIS4;C10420;HYDRUS 2 EC 32/260 R800 RADIO;CE;ULT-RAD-EC;0;3129104;0
EPS PARIS;207;EPS PARIS4;C10421;HYDRUS 2 EC 40/300 R800 RADIO;CE;ULT-RAD-EC;0;3127201;0
EPS PARIS;207;EPS PARIS4;C10422;HYDRUS 2 EC 40/300 R800 MBUS/ PULSE(1L);CE;ULT-EC-IMP;0;3126482;0
EPS PARIS;207;EPS PARIS4;C10423;HYDRUS 2 EC 50/270 R400 PULSE(10L);CE;ULT-EC-IMP;0;3129524;0
EPS PARIS;207;EPS PARIS4;C10424;HYDRUS 2 EC 50/200 R400 MBUS/ PULSE(10L);CE;ULT-EC-IMP;0;3119687;0
EPS PARIS;207;EPS PARIS4;C10425;HYDRUS 2 EC 50/200 R400 RADIO;CE;ULT-RAD-EC;0;3119688;0
EPS PARIS;207;EPS PARIS4;C10426;HYDRUS 2 EC 20/190 R800 MBUS/ PULSE(1L);CE;ULT-EC-IMP;0;3126474;0
EPS PARIS;207;EPS PARIS4;C10427;HYDRUS 2 EC 25/260 R400 MBUS/ PULSE(1L);CE;ULT-EC-IMP;0;3126481;0
EPS PARIS;207;EPS PARIS4;C10428;HYDRUS 2 EC 32/260 R800 MBUS/ PULSE(1L);CE;ULT-EC-IMP;0;3126484;0
EPS PARIS;207;EPS PARIS4;C10429;HYDRUS 2 EC 65/200 R400 RADIO;CE;ULT-RAD-EC;0;3119715;0
EPS PARIS;207;EPS PARIS4;C10430;HYDRUS 2 EC 65/200 R400 MBUS/ PULSE(10L);CE;ULT-EC-IMP;0;3119705;0
EPS PARIS;207;EPS PARIS4;C10431;HYDRUS 2 EF 20/190 R800 RADIO;CE;ULT-RAD-EF;0;3126432;0
EPS PARIS;207;EPS PARIS4;C10432;HYDRUS 2 EF 25/260 R400 RADIO;CE;ULT-RAD-EF;0;3129073;0
EPS PARIS;207;EPS PARIS4;C10433;HYDRUS 2 EF 25/260 R400 MBUS/ PULSE(1L);CE;ULT-EF-IMP;0;3126975;0
EPS PARIS;207;EPS PARIS4;C10434;HYDRUS 2 EF 32/260 R800 RADIO;CE;ULT-RAD-EF;0;3126434;0
EPS PARIS;207;EPS PARIS4;C10435;HYDRUS 2 EC 32/260 R500 PULSE(1L);CE;ULT-EF-IMP;0;3128880;0
EPS PARIS;207;EPS PARIS4;C10436;HYDRUS 2 EF 32/260 R800 MBUS/ PULSE(1L);CE;ULT-EF-IMP;0;3126499;0
EPS PARIS;207;EPS PARIS4;C10437;HYDRUS 2 EF 40/300 R800 RADIO;CE;ULT-EF-IMP;0;3126500;0
EPS PARIS;207;EPS PARIS4;C10438;HYDRUS 2 EF 40/300 R800 PULSE(1L);CE;ULT-EF-IMP;0;3126966;0
EPS PARIS;207;EPS PARIS4;C10439;HYDRUS 2 EF 40/300 R800 MBUS/ PULSE(1L);CE;ULT-EF-IMP;0;3126493;0
EPS PARIS;207;EPS PARIS4;C10440;HYDRUS 2 EF 50/300 R800 RADIO;CE;ULT-RAD-EF;0;3112834;0
EPS PARIS;207;EPS PARIS4;C10441;HYDRUS 2 EF 50/200 R800 MBUS/ PULSE(10L);CE;ULT-EF-IMP;0;3112841;0
EPS PARIS;207;EPS PARIS4;C10442;HYDRUS 2 EF 65/200 R800 RADIO;CE;ULT-RAD-EF;0;3112846;0
EPS PARIS;207;EPS PARIS4;C10443;HYDRUS 2 EF 65/200 R800 MBUS/ PULSE(10L);CE;ULT-EF-IMP;0;3112844;0
EPS PARIS;207;EPS PARIS4;CEL10000;Compteur énergie Countis E02 Direct 32A-MID;ELECTRICIT;COMPT;0;2 références fournisseur;0
EPS PARIS;207;EPS PARIS4;CEL10003;Cpteur énergie Countis E12 Direct 63A-double tarif;ELECTRICIT;COMPT;0;48503002;0
EPS PARIS;207;EPS PARIS4;CEL10004;COMPTEUR ENERGIE COUNTIS E10 DIRECT 63A;ELECTRICIT;COMPT;0;48503000;0
EPS PARIS;207;EPS PARIS4;CEL10007;MODULE 1 OUTPUT DIRIS A20 & COUNTIS E53;ELECTRICIT;COMPT;0;48250080;0
EPS PARIS;207;EPS PARIS4;CEL10008;COUNTIS E40 3PH CT/5A;ELECTRICIT;COMPT;0;48503008;0
EPS PARIS;207;EPS PARIS4;CEL10009;COUNTIS E20 3PH 63A;ELECTRICIT;COMPT;0;48503003;0
EPS PARIS;207;EPS PARIS4;CEL10010;COUNTIS E30 DIRECT 100A-TRIPHASE;ELECTRICIT;COMPT;0;48503005;0
EPS PARIS;207;EPS PARIS4;CEL10011;COMPT MOD MONO 32A SIMPLE TARIF CE+MID;ELECTRICIT;COMPT;0;POIMM32LM;0
EPS PARIS;207;EPS PARIS4;CEL10012;MODULE ENERGIES KWH-KVARH DIRIS/ATYS;ELECTRICIT;CENTRALE;0;48250090;0
EPS PARIS;207;EPS PARIS4;CEL10013;COMPTEUR ENERGIE COUNTIS E22 3PH 80A 2T MID;ELECTRICIT;COMPT;0;48503049;0
EPS PARIS;207;EPS PARIS4;CEL10014;COUNTIS E12 (IMP:100Wh) MONO 80A;ELECTRICIT;COMPT;0;48503061;0
EPS PARIS;207;EPS PARIS4;CEL10015;COMPTEUR ENERGIE C11 40A STEEL MID ABB;ELECTRICIT;COMPT;0;2CMA103571R1000;0
EPS PARIS;207;EPS PARIS4;CEL10016;COMPTEUR ENERGIE TRIPHASE 65A STEEL MID ABB;ELECTRICIT;COMPT;0;2CMA100163R1000;0
EPS PARIS;207;EPS PARIS4;CEL10017;COMPTEUR ENERGIE COUNTIS E02 DIRECT 40A-MID;ELECTRICIT;COMPT;0;48503059;0
EPS PARIS;207;EPS PARIS4;CEL10018;COMPTEUR ENERGIE TRIPHASE B24 12-100 ABB;ELECTRICIT;COMPT;0;2CMA100178R1000;0
EPS PARIS;207;EPS PARIS4;CEL10019;COUNTIS E12 1PH 80A 2T MID;ELECTRICIT;COMPT;0;48503061;0
EPS PARIS;207;EPS PARIS4;CET-ACT-0022;US ECHO II DN 40 LG 300 COMPLET;CET;ULTRA-CH;0;CF550SA10-40-300GFR;0
EPS PARIS;207;EPS PARIS4;CET-ACT-0041;ULTRAMAXX MK QP1.5 CAPSULE;CET;CAPSULE;0;560223060037;0
EPS PARIS;207;EPS PARIS4;CET-ENG-0001;SENSOSTAR U S3 MID 15/110 RADIO CHAUD;CET;ULT-CH-RAD;0;BDAB 018291;0
EPS PARIS;207;EPS PARIS4;CET-ENG-0002;SENSOSTAR U S3 MID 20/130 RADIO CHAUD;CET;ULT-CH-RAD;0;BDBC 018292;0
EPS PARIS;207;EPS PARIS4;CET-ENG-0003;SENSOSTAR U QP MID 15/110 RADIO CHAUD + SONDE 3M;CET;ULT-CH-RAD;0;BDAB 039266;0
EPS PARIS;207;EPS PARIS4;CET-ENG-0004;SENSOSTAR U QP MID 15/110 RADIO CHAUD + SONDE 6M;CET;ULT-CH-RAD;0;BDAB 046496;0
EPS PARIS;207;EPS PARIS4;CET-ENG-0005;SENSOSTAR U MID 40/300 RADIO CHAUD;CET;ULT-CH-RAD;0;BDIF-068297;0
EPS PARIS;207;EPS PARIS4;CET-ENG-0006;SENSOSTAR U MID 25/260 RADIO CHAUD;CET;ULT-CH-RAD;0;BDGE-068299;0
EPS PARIS;207;EPS PARIS4;CET-ENG-0008;SENSOSTAR U S3 MID 20/130 RADIO CHAUD S3M;CET;ULT-CH-RAD;0;BDBC-078647;0
EPS PARIS;207;EPS PARIS4;CET-ENG-0009;SENSOSTAR U S3 MID 15/110 RADIO CHAUD + SONDE 3M;CET;ULT-CH-RAD;0;BDAB-115511;0
EPS PARIS;207;EPS PARIS4;CET-ENG-0010;SENSOSTAR U S3 MID 20/130 RADIO CHAUD + SONDE 6M;CET;ULT-CH-RAD;0;BDBC-122198;0
EPS PARIS;207;EPS PARIS4;CET-KAMS-0003;MULTICAL 302 MID 15/110 BI  RADIO;CET;ULT-BI-RAD;0;302XWMBUSOCEA1.5;0
EPS PARIS;207;EPS PARIS4;CET-KAMS-0004;MULTICAL 302 20/130 BI  RADIO MID;CET;ULT-BI-RAD;0;302XWMBUSOCEA2.5;0
EPS PARIS;207;EPS PARIS4;CET-KAMS-0005;MULTICAL 402 BI 15/110 avec CI MID;CET;ULT-BI-IMP;0;402X015F1.5110E;0
EPS PARIS;207;EPS PARIS4;CET-KAMS-0022;MULTICAL 801 DN50 QP15 BRIDES L270;CET;ULTRASONS;0;8B0X050B015270;0
EPS PARIS;207;EPS PARIS4;CET-KAMS-0025;MULTICAL 303 MID 15/110 BI RADIO;CET;ULT-BI-RAD;0;303XWMBUSOCEA1.5;0
EPS PARIS;207;EPS PARIS4;CET-KAMS-0026;MULTICAL 303 MID 20/130 BI RADIO;CET;ULT-BI-RAD;0;303XWMBUSOCEA2.5;0
EPS PARIS;207;EPS PARIS4;CET-KAMS-0028;MULTICAL 403 25/260 QP3,5 LORA;CET;ULT-BI-LOR;0;403TD066981200;0
EPS PARIS;207;EPS PARIS4;CET-KAMS-0029;MULTICAL 403 25/260 QP6 LORA;CET;ULT-BI-LOR;0;403TF066981200;0
EPS PARIS;207;EPS PARIS4;CET-KAMS-0030;MULTICAL 403 40/300 QP10 LORA;CET;ULT-BI-LOR;0;403TH066981200;0
EPS PARIS;207;EPS PARIS4;CET-KAMS-0031;MULTICAL 303 MID 15/110 BI RADIO 14 ANS;CET;ULT-BI-RAD;0;303T4066651930;0
EPS PARIS;207;EPS PARIS4;CET-KAMS-0032;MULTICAL 303 MID 20/130 BI RADIO 14 ANS;CET;ULT-BI-RAD;0;303TA067051930;0
EPS PARIS;207;EPS PARIS4;CET-KAMS-0033;MULTICAL 403 15/110 QP1,5M3/H BI;CET;ULT-BI;0;403T4036951200;0
EPS PARIS;207;EPS PARIS4;CET-KAMS-0034;MULTICAL 403 20/190 QP2,5M3/H BI;CET;ULT-BI;0;403TB036951200;0
EPS PARIS;207;EPS PARIS4;CET-KAMS-0035;MULTICAL 403 25/260 QP3,5M3/H BI;CET;ULT-BI;0;403TD036981200;0
EPS PARIS;207;EPS PARIS4;CET-KAMS-0036;MULTICAL 403 25/260 QP6M3/H BI;CET;ULT-BI;0;403TF036981200;0
EPS PARIS;207;EPS PARIS4;CET-KAMS-0037;MULTICAL 403 40/300 QP10M3/H BI;CET;ULT-BI;0;403TH036981200;0
EPS PARIS;207;EPS PARIS4;CET-KAMS-0038;MULTICAL 403 50/270 QP15M3/H BI;CET;ULT-BI;0;403TK036981200;0
EPS PARIS;207;EPS PARIS4;CET-KAMS-0039;MULTICAL 403 15/110 QP1,5M3/H BI RADIO WMBUS;CET;ULT-BI-RAD;0;403T4036951232;0
EPS PARIS;207;EPS PARIS4;CET-KAMS-0040;MULTICAL 403 20/190 QP2,5M3/H BI RADIO WMBUS;CET;ULT-BI-RAD;0;403TB036951232;0
EPS PARIS;207;EPS PARIS4;CET-KAMS-0041;MULTICAL 403 25/260 QP3,5M3/H BI RADIO WMBUS;CET;ULT-BI-RAD;0;403TD036981232;0
EPS PARIS;207;EPS PARIS4;CET-KAMS-0042;MULTICAL 403 25/260 QP6M3/H BI RADIO WMBUS;CET;ULT-BI-RAD;0;403TF036981232;0
EPS PARIS;207;EPS PARIS4;CET-KAMS-0043;MULTICAL 403 40/300 QP10M3/H BI RADIO WMBUS;CET;ULT-BI-RAD;0;403TH036981232;0
EPS PARIS;207;EPS PARIS4;CET-KAMS-0044;MULTICAL 403 50/270 QP15M3/H BI RADIO WMBUS;CET;ULT-BI-RAD;0;403TK036981232;0
EPS PARIS;207;EPS PARIS4;CET-KAMS-0045;MULTICAL 603 32/260 QP6M3/H BI;CET;ULT-BI;0;603E37018120000;0
EPS PARIS;207;EPS PARIS4;CET-KAMS-0046;MULTICAL 603 32/260 QP6M3/H BI RADIO WMBUS;CET;ULT-BI-RAD;0;603E37018123200;0
EPS PARIS;207;EPS PARIS4;CET-KAMS-0047;CARTE WMBUS POUR MULTICAL 403 ET 603;CET;RADIO;0;HC00332 1015010;0
EPS PARIS;207;EPS PARIS4;CET-KAMS-0048;CARTE LoRa POUR MULTICAL 403 ET 603;CET;LORA;0;HCLORA;0
EPS PARIS;207;EPS PARIS4;CET-LAN-0002;T230 MID 15/110 RADIO CHAUD V2;CET;ULT-CH-RAD;0;T230-A21C-EN00-P 0H-;0
EPS PARIS;207;EPS PARIS4;CET-LAN-0003;T330 MID 15/110 RADIO CHAUD V2;CET;ULT-CH-RAD;0;UH30-A21C-FR22-P 0H-;0
EPS PARIS;207;EPS PARIS4;CET-QUN-0013;QHeat5 Chaud 15/110 - 1,5m3/H- 5,0mm (retour) MID;CET;MECA CHAUD;0;HMC500011010 00400;0
EPS PARIS;207;EPS PARIS4;CET-QUN-0016;QHeat5 Chaud 15/80 - 1,5m3/H- 5,0mm (retour) MID;CET;MECA CHAUD;0;HMC50001H010 00400;0
EPS PARIS;207;EPS PARIS4;CET-SA-0002;"RAY TH 15/110 Pulse MID +Pce d'adapt R1/2""x M10";CET;MEC-CH-IMP;0;3008450 + 3032509;0
EPS PARIS;207;EPS PARIS4;CET-SA-0005;"SHARKY 775 TH 15/110 MID +Pce d'adapt R1/2""x M10";CET;ULTRA-CH;0;3040444+3032509;0
EPS PARIS;207;EPS PARIS4;CET-SA-0014;SHARKY 775 BI 15/110 Radio MID;CET;ULT-BI-RAD;0;3040441+3032509;0
EPS PARIS;207;EPS PARIS4;CET-SA-0021;"SHARKY 775 TH 15/110 MID+  R1/2""X M10 + CI";CET;ULT-CH-IMP;0;3028920+3032509;0
EPS PARIS;207;EPS PARIS4;CET-SA-0024;SHARKY 775 BI 15/110 MID;CET;ULTRA-BI;0;3028930;0
EPS PARIS;207;EPS PARIS4;CET-SA-0028;SHARKY BI 3.5 lg 260 DN25 MID;CET;ULTRA-BI;0;3028932;0
EPS PARIS;207;EPS PARIS4;CET-SA-0029;CARTE 2 SORTIES IMPULSIONS;CET;IMPULSION;0;3022073;0
EPS PARIS;207;EPS PARIS4;CET-SA-0033;SHARKY 775 TH - DN 32 lg 260 MID(VERSION A BRIDES);CET;ULTRA-CH;0;3028923;0
EPS PARIS;207;EPS PARIS4;CET-SA-0034;SHARKY 775 TH - DN 40 lg 300 EI MID;CET;ULT-CH-IMP;0;3028924;0
EPS PARIS;207;EPS PARIS4;CET-SA-0040;INTEGRATEUR CALEC ST PT 100 SECTEUR;CET;INTEGRATEU;0;;0
EPS PARIS;207;EPS PARIS4;CET-SA-0043;SHARKY 775 TH 15/110 Radio MID;CET;ULT-CH-RAD;0;3063426;0
EPS PARIS;207;EPS PARIS4;CET-SA-0045;SHARKY 775 TH  RADIO 1.5 15/110 CI MONTEE MID;CET;ULT-CH-IMP;0;3029110;0
EPS PARIS;207;EPS PARIS4;CET-SA-0050;SHARKY 775 TH 20/130 RADIO MID;CET;ULT-CH-RAD;0;3029096;0
EPS PARIS;207;EPS PARIS4;CET-SA-0055;SHARKY 775 RADIO TH 1.5 15/110 (aller) MID;CET;ULT-CH-RAD;0;3071516;0
EPS PARIS;207;EPS PARIS4;CET-SA-0066;SHARKY 775 RADIO 25/260mm MID;CET;ULT-CH-RAD;0;3029097;0
EPS PARIS;207;EPS PARIS4;CET-SA-0071;SHARKY 775 BI 20/130 RADIO MID;CET;ULT-BI-RAD;0;3040522+3032509;0
EPS PARIS;207;EPS PARIS4;CET-SA-0078;SHARKY FS 473 BI 15/110 MID;CET;ULTRA-BI;0;3015014;0
EPS PARIS;207;EPS PARIS4;CET-SA-0079;SCYLAR INT 8 TH 1L PT500;CET;INTEGRATEU;0;3084575;0
EPS PARIS;207;EPS PARIS4;CET-SA-0096;SHARKY FS BI 50F/270 PN25(10L/IMPUL)+SCYLAR INT 08;CET;ULT-BI-IMP;0;3079819;0
EPS PARIS;207;EPS PARIS4;CET-SA-0097;SHARKY 775 TH 100/360 (ALLER) MID;CET;ULTRA-CH;0;3040150;0
EPS PARIS;207;EPS PARIS4;CET-SA-0110;SHARKY 775 BI 25/260 RADIO MID;CET;ULT-BI-RAD;0;3029138;0
EPS PARIS;207;EPS PARIS4;CET-SA-0111;SHARKY 775 BI 32/260 RADIO MID;CET;ULT-BI-RAD;0;3056372;0
EPS PARIS;207;EPS PARIS4;CET-SA-0113;SHARKY 775 BI 50/270 RADIO MID;CET;ULT-BI-RAD;0;3050101;0
EPS PARIS;207;EPS PARIS4;CET-SA-0136;SHARKY 775 TH 100F/360 + CARTE MBUS;CET;ULT-CH-MBU;0;3050125;0
EPS PARIS;207;EPS PARIS4;CET-SA-0140;SHARKY 775 RADIO DN32 LG260 FILETE MID;CET;ULT-CH-RAD;0;3056371;0
EPS PARIS;207;EPS PARIS4;CET-SA-0142;KIT RADIO PROGRAMMEE SHARKY 775/O;CET;RADIO;0;3049196;0
EPS PARIS;207;EPS PARIS4;CET-SA-0147;"SHARKY 775 TH 15/110 RADIO OMS + P. ADAP R1/2""XM10";CET;ULT-CH-RAD;0;3046326+3032509;0
EPS PARIS;207;EPS PARIS4;CET-SA-0148;SHARKY 775 BI 32/260 RADIO OMS MID;CET;ULT-BI-TLR;0;3106362;0
EPS PARIS;207;EPS PARIS4;CET-SA-0149;SHARKY 775 BI 50/270 RADIO OMS MID;CET;ULT-BI-TLR;0;3071848;0
EPS PARIS;207;EPS PARIS4;CET-SA-0150;SHARKY 775 TH 32/260 MID RADIO OMS;CET;ULT-CH-RAD;0;3108523;0
EPS PARIS;207;EPS PARIS4;CET-SA-0152;SHARKY 775 BI 40/300 RADIO OMS MID;CET;ULT-BI-RAD;0;3105526;0
EPS PARIS;207;EPS PARIS4;CET-SA-0153;SHARKY 775 BI 25/260 RADIO OMS MID;CET;ULT-BI-RAD;0;3105614;0
EPS PARIS;207;EPS PARIS4;CET-SA-0156;SHARKY 775 BI 65/300 RADIO OMS MID;CET;ULT-BI-RAD;0;3105534;0
EPS PARIS;207;EPS PARIS4;CET-SA-0157;SHARKY 775 BI 100/360 RADIO OMS MID;CET;ULT-BI-RAD;0;3105543;0
EPS PARIS;207;EPS PARIS4;CET-SA-0159;SHARKY 775 TH 25/260 RADIO OMS MID;CET;ULT-CH-RAD;0;3106335;0
EPS PARIS;207;EPS PARIS4;CET-SA-0160;SHARKY 775 BI 80/300 RADIO OMS MID;CET;ULT-BI-RAD;0;3105540;0
EPS PARIS;207;EPS PARIS4;CET-SA-0161;SHARKY 775 BI 32/260 BRIDES RADIO OMS MID;CET;ULT-BI-RAD;0;3105525;0
EPS PARIS;207;EPS PARIS4;CET-SA-0162;SHARKY 775 BI 40/300 BRIDES RADIO OMS MID;CET;ULT-BI-RAD;0;3105531;0
EPS PARIS;207;EPS PARIS4;CET-SA-0163;CARTE LORA POUR SHARKY 775;CET;LORA;0;3107862;0
EPS PARIS;207;EPS PARIS4;CET-SA-0164;CARTE LORA AVEC ANTENNE EXTERNE POUR SHARKY 775;CET;LORA;0;3108307;0
EPS PARIS;207;EPS PARIS4;CET-SA-0165;SHARKY FS BI 20/130 + SCYLAR 8 OMS;CET;ULT-BI-RAD;0;3079814FSSC;0
EPS PARIS;207;EPS PARIS4;G10002;COMPTEUR GAZ GALLUS 2000 G4 SANS EMETTEUR BF;GAZ;COMPT-IMPU;0;2 références fournisseur;0
EPS PARIS;207;EPS PARIS4;G10004;COMPTEUR GAZ GALLUS 2000 G4 AVEC EMETTEUR BF;GAZ;COMPTEURS;0;A113203;0
EPS PARIS;207;EPS PARIS4;G10016;Q. SANDWICH 5-100 M3/H DN50 BF+MF;GAZ;COMPT-IMPU;0;QA_65MF;0
EPS PARIS;207;EPS PARIS4;R10004;PLAQUE DE MONTAGE P3 STANDARD (38mm) pack 50 pces;RFC;ACCESSOIRE;0;FKA0017;0
EPS PARIS;207;EPS PARIS4;R10008;RFC Q5 P3-AL2-WB-1 sonde logo URATE QUNDIS (OFS-5);RFC;ELEC-RAD;0;HCA5193311AO01005;0
EPS PARIS;207;EPS PARIS4;R10015;RFC Q5 P3-AL2/4-AMR-1 SONDE LOGO URATE QUNDIS;RFC;ELEC-RAD;0;HCA51934A1A0 01000;0
EPS PARIS;207;EPS PARIS4;R10020;MINOL M7 COMPACT RADIO3 WALK-BY;RFC;ELEC-RAD;0;120338;0
EPS PARIS;207;EPS PARIS4;R10024;RFC Q5 P3-AL2-WB-2 SONDES LOGO OSB (OFS-5);RFC;ELEC-RAD;0;HCA5Q133B3C1 01005;0
EPS PARIS;207;EPS PARIS4;R10025;RFC Q5 P3-AL2-WB-2 SONDES LOGO OSB (OFS-11);RFC;ELEC-RAD;0;HCA5Q133B3C1 01003;0
EPS PARIS;207;EPS PARIS4;R10026;RFC Q5 P3-AL2-WB-2 SONDES LOGO OSB (OFS-16);RFC;ELEC-RAD;0;HCA5Q133B3C1 01006;0
EPS PARIS;207;EPS PARIS4;R10029;MINOL M7 RADIO3 WALK-BY A SONDE DEPORTEE;RFC;ELEC-RAD;0;123221;0
EPS PARIS;207;EPS PARIS4;R10030;PLAQUE DE MONTAGE P3 LARGE (55mm);RFC;ACCESSOIRE;0;FKA0022;0
EPS PARIS;207;EPS PARIS4;R10032;PLAQUE DE MONTAGE POUR SONDE DEPORTEE;RFC;ACCESSOIRE;0;FKA0009;0
EPS PARIS;207;EPS PARIS4;R10036;RFC Q5.5 P3-AL2-AMR/WB-2F OCEA 31.12  ET;RFC;ELEC-RAD;0;HCA5Q138B3C1 01000;0
EPS PARIS;207;EPS PARIS4;R10040;RFC Q5.5 P3-AL2-AMR-WB-2 SONDES LOGO SUEZ (OFS 11);RFC;ELEC-RAD;0;HCA5Q136B3C1 01003;0
EPS PARIS;207;EPS PARIS4;R10042;RFC Q5.5 P3-AL4-WB/AMR- MODE C- 2 SONDES-LOGO SUEZ;RFC;ELEC-RAD;0;HCA5Q138D001 0A680;0
EPS PARIS;207;EPS PARIS4;R10045;PLAQUE DE MONTAGE P3 - 7 TROUS -  pack 50 pces;RFC;ACCESSOIRE;0;FKA0025;0
EPS PARIS;207;EPS PARIS4;R10046;RFC Q5.5 P3-AL2- TLRV-2F-OCEA-RAZ-31/12-SS ET;RFC;ELEC-TLRV;0;HCA5Q439B3C10000E;0
EPS PARIS;207;EPS PARIS4;R10047;RFC Q5.5 P3-AL2- TLRV-2F-OCEA-CC-31/12-SS ET;RFC;ELEC-TLRV;0;HCA5Q439B3C10100F;0
EPS PARIS;207;EPS PARIS4;R10048;RFC Q5.5 P3-AL2-AMR/WB-2F-OCEA-CC- 31.12 - SS ET;RFC;ELEC-RAD;0;HCA5Q438B3C101000;0
EPS PARIS;207;EPS PARIS4;R10052;RFC Q5.5 P3-AL2- TLRV-2F-OCEA-CC-31/12-SS ET-12A;RFC;ELEC-TLRV;0;HCA5Q539B3C10100G;0
EPS PARIS;207;EPS PARIS4;R10053;RFC Q5.5 P3-AL4-WB/AMR- MODE S- 2S-COUPURE ETE-RAZ;RFC;ELEC-RAD;0;HCA50036D000 0A68;0
EPS PARIS;207;EPS PARIS4;R10054;RFC Q5.5 AMR/WB-2F-OCEA-CC-31.12-SS ET-ETE OFF;RFC;ELEC-RAD;0;HCA5Q438B3C1 0168;0
EPS PARIS;207;EPS PARIS4;R10056;RFC Q5.5-TLRV-2F-OCEA-CC-31/12-SS ET-ETE OFF;RFC;ELEC-TLRV;0;HCA5Q439B3C1 0168E;0
EPS PARIS;207;EPS PARIS4;R10058;RFC Q5.5-TLRV-2F-OCEA-RAZ-31/12-SS ET-ETE OFF;RFC;ELEC-TLRV;0;HCA5Q439B3C1 0068F;0
EPS PARIS;207;EPS PARIS4;R10059;RFC Q5.5 TLRV-2F-OCEA-CC-31/12-SS ET-12A-ETE OFF;RFC;ELEC-TLRV;0;HCAQ539B3C1 0168G;0
EPS PARIS;207;EPS PARIS4;R10060;RFC SONTEX 868 TLRV;RFC;ELEC-TLRV;0;0868R30TA02;0
EPS PARIS;207;EPS PARIS4;R10061;PLAQUE DE MONTAGE ALUMINIUM SONTEX - pack 50 pces;RFC;ACCESSOIRE;0;0555P005;0
EPS PARIS;207;EPS PARIS4;R10062;RFC Q5.5-TLRV-COUPURE ESTIVALE;RFC;ELEC-TLRV;0;HCA5Q439B3C1 0168F;0
EPS PARIS;207;EPS PARIS4;R10063;RFC SONTEX 868 TLRV 31.12 COUPURE ESTIVALE;RFC;ELEC-TLRV;0;0868R30TA03;0
EPS PARIS;207;EPS PARIS4;R10064;RFC SONTEX 31.12 COUPURE ESTIVALE GROSSE BATTERIE;RFC;ELEC-TLRV;0;086R22TA04;0
EPS PARIS;207;EPS PARIS4;R10065;HCAE2 31/05 SANS PLAQUE (X 40 PCES);RFC;ELEC-RAD;0;5100000740;0
EPS PARIS;207;EPS PARIS4;R10066;PLAQUE DE MONTAGE HCAE2 (X 40 PCES);RFC;ACCESSOIRE;0;0051200030;0
EPS PARIS;207;EPS PARIS4;T10007;MODULE IZAR R3.5 CP;RADIO;MODULE UHF;0;2 références fournisseur;0
EPS PARIS;207;EPS PARIS4;T10008;MODULE IZAR PULSE R3.5 DP;RADIO;MODULE UHF;0;800998;0
EPS PARIS;207;EPS PARIS4;T10009;MODULE ANYQUEST CYBLE;RADIO;MODULE UHF;0;TRCIBNRFBSCX10;0
EPS PARIS;207;EPS PARIS4;T10016;MODULE IZAR RC I R4;RADIO;MODULE UHF;0;3031799;0
EPS PARIS;207;EPS PARIS4;T10018;MODULE IZAR VHF DP PULSE 169 MHz;RADIO;MODULE VHF;0;830538;0
EPS PARIS;207;EPS PARIS4;T10019;MODULE IZAR RC I R4 LIGHT;RADIO;MODULE UHF;0;3039802;0
EPS PARIS;207;EPS PARIS4;T10021;PASSERELLE WMBUS UHF/GPRS;RADIO;PASSERELLE;0;OSWMBG;0
EPS PARIS;207;EPS PARIS4;T10025;Module Radio Walk-by pour CET QHEAT 5 QUNDIS;RADIO;MODULE UHF;0;RHM500AT0000 Z0000;0
EPS PARIS;207;EPS PARIS4;T10030;Module radio Waveflow IP 68 + ILSMLE100;RADIO;MODUHF+ EM;0;VMODRAD65B;0
EPS PARIS;207;EPS PARIS4;T10031;Module radio Waveflow IP 68 + ILSM3E;RADIO;MODUHF+ EM;0;VMODRAD65E;0
EPS PARIS;207;EPS PARIS4;T10034;MODULE VHF CP 169 MHZ;RADIO;MODULE VHF;0;830455;0
EPS PARIS;207;EPS PARIS4;T10035;MODULE VHF DP PULSE ATEX 169 MHz;RADIO;MODULE VHF;0;3016425;0
EPS PARIS;207;EPS PARIS4;T10040;ISIGATE-ANTENNE EXT V2;RADIO;PASSERELLE;0;ARF8011BC;0
EPS PARIS;207;EPS PARIS4;T10042;EMETTEUR VHF AVEC ENTREE PULSE POUR CE OU CET;RADIO;MODULE VHF;0;ARF8129AAA;0
EPS PARIS;207;EPS PARIS4;T10045;IZAR RE 868 ATEX ZONE 1;RADIO;MOD UHF AT;0;3018862;0
EPS PARIS;207;EPS PARIS4;T10046;MODULE RADIO EVO;RADIO;MODULE UHF;0;1.ETRMD.0352;0
EPS PARIS;207;EPS PARIS4;T10047;MODULE IZAR MBUS COMPACT I;RADIO;MBUS;0;3080666;0
EPS PARIS;207;EPS PARIS4;T10048;MODULE CYBLE SENSOR MBUS;RADIO;MBUS;0;TRCIBMBUSAO;0
EPS PARIS;207;EPS PARIS4;T10049;ISIGATE SANS CABLE TNC 3 METRES;RADIO;PASSERELLE;0;ARF8011BC;0
EPS PARIS;207;EPS PARIS4;T10050;WIRGRID COLLECT IAIP ANTENNE INTERNE;RADIO;PASSERELLE;0;PDTWGR-COS00;0
EPS PARIS;207;EPS PARIS4;T10051;WIRGRID COLLECT EAIP ANTENNE EXTERNE;RADIO;PASSERELLE;0;PDTWGR-COS01;0
EPS PARIS;207;EPS PARIS4;T10052;WEBDYNEASY W-MBUS BATTERY IP67 WITH BLE INTERFACE;RADIO;PASSERELLE;0;WG0612-A12;0
EPS PARIS;207;EPS PARIS4;T10053;EMETTEUR + MODULE RADIO DEPORTE PRE-CABLE RT 2012;RADIO;MOD RT2012;0;3110357;0
EPS PARIS;207;EPS PARIS4;T10054;MODULE VHF CP V2 1G;RADIO;MODULE VHF;0;3065469;0
EPS PARIS;207;EPS PARIS4;T10055;MODULE VHF V2 CYBLE LRF WIZE (X10);RADIO;MODULE VHF;0;TRCIBLRFWIZEX10;0
EPS PARIS;207;EPS PARIS4;T10056;ANTENNE GSM WEBDYN AVEC CABLE 5M ET PRISE SMA;RADIO;ANTENNE;0;AC0201-01-EA1065;0
EPS PARIS;207;EPS PARIS4;T10057;ANTENNE GSM WEBDYN AVEC CABLE 10M ET PRISE SMA;RADIO;ANTENNE;0;AC0201-03-EA1065;0
EPS PARIS;207;EPS PARIS4;T10058;MODULE RADIO ARROW EVO ENTREE IMPULSIONNNELLE(x10);RADIO;MODULE UHF;0;1.ETRMD.1002;0
EPS PARIS;207;EPS PARIS4;T10059;XENAGATE W-MBUS 2G LTEM ANTENNE INTERNE;RADIO;PASSERELLE;0;MDCWM-110;0
EPS PARIS;207;EPS PARIS4;T10060;BORNE ELVACO CMI-BOX;RADIO;PASSERELLE;0;1100117;0
EPS PARIS;207;EPS PARIS4;T10061;CENTRALE ELVACO CME2100 LTE;RADIO;PASSERELLE;0;1100367;0
EPS PARIS;207;EPS PARIS4;T10062;CENTRALE ELVACO CME3100 ETH;RADIO;PASSERELLE;0;1100133;0
EPS PARIS;207;EPS PARIS4;T10063;ACTIVATEUR MBUS CMEX20;RADIO;MBUS;0;1050010;0
EPS PARIS;207;EPS PARIS4;T10064;CONVERTISSEUR MBUS CMEX13S;RADIO;MBUS;0;1050052;0
EPS PARIS;207;EPS PARIS4;T10065;CONVERTISSEUR MBUS CMEX11S;RADIO;MBUS;0;1050060;0
EPS PARIS;207;EPS PARIS4;T10066;CONVERTISSEUR MBUS CMEX12S;RADIO;MBUS;0;1050051;0
EPS PARIS;207;EPS PARIS4;T10067;CENTRALE ELVACO CME2100 GPRS;RADIO;PASSERELLE;0;1050123;0
EPS PARIS;207;EPS PARIS4;T10068;PASSERELLE QOWISIO VMC MAITRE;RADIO;PASSERELLE;0;CITÉLIO VMC MAITRE;0
EPS PARIS;207;EPS PARIS4;T10069;MAT D'ANTENNE POUR PASSERELLE QOWISIO;RADIO;ANTENNE;0;CITELIO MAT ANTENNE;0
EPS PARIS;207;EPS PARIS4;T10070;ANTENNE DEPORTEE POUR CAPTEUR VMC QOWISIO;RADIO;ANTENNE;0;CIT.ANTENNE DEPORTEE;0
EPS PARIS;207;EPS PARIS4;T10071;PASSERELLE CITELIO MAITRE FULL RANGE;RADIO;PASSERELLE;0;CITELIO PASSERELLEFR;0
EPS PARIS;207;EPS PARIS4;T10072;ANTENNE GSM - LTE - 4G - WEBDYN 5M;RADIO;ANTENNE;0;AC0201-11;0
EPS PARIS;207;EPS PARIS4;T10073;ANTENNE GSM - LTE - 4G - WEBDYN 10M;RADIO;ANTENNE;0;AC201-13;0
EPS PARIS;207;EPS PARIS4;T10074;COFFRET CGC LTE MBUS 512;RADIO;PASSERELLE;0;1100474;0
EPS PARIS;207;EPS PARIS4;T10075;COFFRET CMC LTE WMBUS 128;RADIO;PASSERELLE;0;1100371;0
EPS PARIS;207;EPS PARIS4;T10076;COFFRET CMC LTE WMBUS 256;RADIO;PASSERELLE;0;1100372;0
EPS PARIS;207;EPS PARIS4;T10077;CENTRALE ELVACO CME2100 LTE 128;RADIO;PASSERELLE;0;1100366;0
EPS PARIS;207;EPS PARIS4;T10078;PASSERELLE MULTIPROTOCOLE CITELIO SR CARTE SIM OSB;RADIO;PASSERELLE;0;CITÉLIO VMC MAITRE;0
EPS PARIS;207;EPS PARIS4;T10079;REPETEUR QOWISIO WMBUS SUR BATTERIE;RADIO;PASSERELLE;0;CIT. RÉPETEUR WMBUS;0
EPS PARIS;207;EPS PARIS4;T10080;PASSERELLE QOWISIO ISO WMBUS SUR BATTERIE;RADIO;PASSERELLE;0;CIT.PASSERELLE WMBUS;0
EPS PARIS;207;EPS PARIS4;T10081;MODULE HRL-C G3 DIEHL LORAWAN;RADIO;LORA;0;3088016;0
EPS PARIS;207;EPS PARIS4;T10082;MUTITECH CONDUIT INDOOR 3G/4G/ETHERNET;RADIO;PASSERELLE;0;MTCAP-L4E1-868-041A;0
EPS PARIS;207;EPS PARIS4;T10083;ANTENNE EXTÉRIEURE LORA 8DBI 1,1M;RADIO;ANTENNE;0;DTANT868OUTV2;0
EPS PARIS;207;EPS PARIS4;T10084;MODEM SIERRA LX60;RADIO;PASSERELLE;0;660209;0
EPS PARIS;207;EPS PARIS4;T10085;HRL-C RECEIVER BLUETOOTH 868;RADIO;LORA;0;3121277;0
EPS PARIS;207;EPS PARIS4;T10086;PASSERELLE MULTITECH OUTDOOR IP67 ETHERNET / LTE;RADIO;PASSERELLE;0;MTCDTIP-L4G1-266A-86;0
EPS PARIS;207;EPS PARIS4;T10087;ANTENNE LORA 11DBI;RADIO;ANTENNE;0;DTANT868OUTV3;0
EPS PARIS;207;EPS PARIS4;T10088;PASSERELLE MULTITECH SERIE 200 ETHERNET;RADIO;PASSERELLE;0;MTCDTIP2-EN-B11EKP-L;0
EPS PARIS;207;EPS PARIS4;T10089;PASSERELLE MULTITECH EXT SERIE 200 ETHERNET/LTE;RADIO;PASSERELLE;0;MTCDTIP2-L4E1-B11EKP;0
EPS PARIS;207;EPS PARIS4;Z100049;SOCLE M6 COMPACT 36 MM;RFC;ACCESSOIRE;0;100049;0
EPS PARIS;207;EPS PARIS4;Z100443;SOCLE M6-M7 COMPACT 44 MM;RFC;ACCESSOIRE;0;100443;0
EPS PARIS;207;EPS PARIS4;Z102248;SOCLES MINOL M7 80mm;RFC;ACCESSOIRE;0;102248;0
EPS PARIS;207;EPS PARIS4;Z107000;M6 COMPACT RADIO 2F AMR;RFC;ELEC-RAD;0;107000;0
EPS PARIS;207;EPS PARIS4;Z107001;M6 RADIO 2F DP AMR;RFC;ELEC-RAD;0;107001;0
EPS PARIS;207;EPS PARIS4;Z110352;MINOMAT S;RADIO;CENTRALE;0;110352;0
EPS PARIS;207;EPS PARIS4;Z118636;SOCLE M6/M7 - 36 MM ENTRAXE VARIABLE;RFC;ACCESSOIRE;0;118636;0
EPS PARIS;207;EPS PARIS4;Z120338;M7 COMPACT RADIO 2F AMR;RFC;ELEC-RAD;0;136484;0
EPS PARIS;207;EPS PARIS4;Z136485;M7 RADIO 2F DP AMR;RFC;ELEC-RAD;0;136485;0
EPS LIMOGES;304;EPS LIMOGES;Z136485;M7 RADIO 2F DP AMR;RFC;ELEC-RAD;0;136485;0
EPS LIMOGES;305;EPS LIMOGES2;Z136485;M7 RADIO 3F DP AMR;RFC;ELEC-RAD;0;136485;0
EPS LIMOGES;305;EPS LIMOGES2;Z136485;M8 RADIO 3F DP AMR;RFC;ELEC-RAD;0;136485;0

